"","datetime","count"
"1","2011-01-01 00:00:00",13
"2","2011-01-01 09:00:00",20
"3","2011-01-01 18:00:00",27
"4","2011-01-02 00:00:00",14
"5","2011-01-02 13:00:00",23
"6","2011-01-03 01:00:00",2
"7","2011-01-03 22:00:00",8
"8","2011-01-04 08:00:00",39
"9","2011-01-04 14:00:00",28
"10","2011-01-04 21:00:00",13
"11","2011-01-04 22:00:00",13
"12","2011-01-05 04:00:00",1
"13","2011-01-05 12:00:00",40
"14","2011-01-05 13:00:00",43
"15","2011-01-05 19:00:00",43
"16","2011-01-05 20:00:00",28
"17","2011-01-06 00:00:00",2
"18","2011-01-06 17:00:00",26
"19","2011-01-07 00:00:00",7
"20","2011-01-07 07:00:00",60
"21","2011-01-07 23:00:00",17
"22","2011-01-08 04:00:00",2
"23","2011-01-08 07:00:00",6
"24","2011-01-08 15:00:00",34
"25","2011-01-08 22:00:00",10
"26","2011-01-09 02:00:00",2
"27","2011-01-09 05:00:00",1
"28","2011-01-09 10:00:00",4
"29","2011-01-09 16:00:00",54
"30","2011-01-09 23:00:00",6
"31","2011-01-10 03:00:00",1
"32","2011-01-10 22:00:00",6
"33","2011-01-11 08:00:00",31
"34","2011-01-11 10:00:00",30
"35","2011-01-11 11:00:00",20
"36","2011-01-11 14:00:00",9
"37","2011-01-11 15:00:00",12
"38","2011-01-11 22:00:00",16
"39","2011-01-12 12:00:00",28
"40","2011-01-12 15:00:00",30
"41","2011-01-13 07:00:00",24
"42","2011-01-14 03:00:00",1
"43","2011-01-14 08:00:00",38
"44","2011-01-14 12:00:00",38
"45","2011-01-14 13:00:00",31
"46","2011-01-15 00:00:00",10
"47","2011-01-15 10:00:00",5
"48","2011-01-15 11:00:00",29
"49","2011-01-15 14:00:00",50
"50","2011-01-15 23:00:00",14
"51","2011-01-16 01:00:00",9
"52","2011-01-16 09:00:00",14
"53","2011-01-16 13:00:00",60
"54","2011-01-16 19:00:00",23
"55","2011-01-16 21:00:00",13
"56","2011-01-17 00:00:00",5
"57","2011-01-17 02:00:00",2
"58","2011-01-17 03:00:00",1
"59","2011-01-17 07:00:00",23
"60","2011-01-17 13:00:00",39
"61","2011-01-18 15:00:00",22
"62","2011-01-18 17:00:00",29
"63","2011-01-19 09:00:00",82
"64","2011-01-19 19:00:00",27
"65","2011-01-19 20:00:00",44
"66","2011-01-19 22:00:00",21
"67","2011-02-01 07:00:00",23
"68","2011-02-01 15:00:00",18
"69","2011-02-01 17:00:00",25
"70","2011-02-01 22:00:00",32
"71","2011-02-02 10:00:00",25
"72","2011-02-02 13:00:00",10
"73","2011-02-02 22:00:00",24
"74","2011-02-03 11:00:00",41
"75","2011-02-03 17:00:00",114
"76","2011-02-04 03:00:00",1
"77","2011-02-04 10:00:00",29
"78","2011-02-04 13:00:00",35
"79","2011-02-05 18:00:00",14
"80","2011-02-06 08:00:00",7
"81","2011-02-06 10:00:00",40
"82","2011-02-06 11:00:00",49
"83","2011-02-06 16:00:00",46
"84","2011-02-07 00:00:00",7
"85","2011-02-07 05:00:00",3
"86","2011-02-07 15:00:00",19
"87","2011-02-08 00:00:00",9
"88","2011-02-08 01:00:00",2
"89","2011-02-08 02:00:00",3
"90","2011-02-08 03:00:00",1
"91","2011-02-08 08:00:00",71
"92","2011-02-08 09:00:00",50
"93","2011-02-08 11:00:00",22
"94","2011-02-08 16:00:00",44
"95","2011-02-09 07:00:00",31
"96","2011-02-09 08:00:00",25
"97","2011-02-10 00:00:00",2
"98","2011-02-10 01:00:00",2
"99","2011-02-10 19:00:00",64
"100","2011-02-11 01:00:00",4
"101","2011-02-11 06:00:00",12
"102","2011-02-11 07:00:00",23
"103","2011-02-11 16:00:00",50
"104","2011-02-11 17:00:00",36
"105","2011-02-11 18:00:00",35
"106","2011-02-12 01:00:00",6
"107","2011-02-12 08:00:00",12
"108","2011-02-12 09:00:00",17
"109","2011-02-12 13:00:00",76
"110","2011-02-12 15:00:00",69
"111","2011-02-12 22:00:00",12
"112","2011-02-14 03:00:00",2
"113","2011-02-14 12:00:00",65
"114","2011-02-14 16:00:00",35
"115","2011-02-15 04:00:00",1
"116","2011-02-15 05:00:00",3
"117","2011-02-15 07:00:00",27
"118","2011-02-16 01:00:00",3
"119","2011-02-16 03:00:00",1
"120","2011-02-16 04:00:00",0
"121","2011-02-16 07:00:00",35
"122","2011-02-16 10:00:00",40
"123","2011-02-16 15:00:00",79
"124","2011-02-16 18:00:00",166
"125","2011-02-16 19:00:00",50
"126","2011-02-16 20:00:00",67
"127","2011-02-16 22:00:00",35
"128","2011-02-17 00:00:00",8
"129","2011-02-17 03:00:00",5
"130","2011-02-17 04:00:00",4
"131","2011-02-17 12:00:00",57
"132","2011-02-17 19:00:00",80
"133","2011-02-18 06:00:00",17
"134","2011-02-18 22:00:00",60
"135","2011-02-19 04:00:00",2
"136","2011-02-19 11:00:00",107
"137","2011-02-19 21:00:00",21
"138","2011-03-01 03:00:00",1
"139","2011-03-01 11:00:00",34
"140","2011-03-01 15:00:00",24
"141","2011-03-02 12:00:00",61
"142","2011-03-02 18:00:00",68
"143","2011-03-03 01:00:00",3
"144","2011-03-03 03:00:00",2
"145","2011-03-03 04:00:00",2
"146","2011-03-03 16:00:00",36
"147","2011-03-03 18:00:00",90
"148","2011-03-03 22:00:00",39
"149","2011-03-04 10:00:00",22
"150","2011-03-04 18:00:00",51
"151","2011-03-04 23:00:00",20
"152","2011-03-05 08:00:00",20
"153","2011-03-05 09:00:00",33
"154","2011-03-06 07:00:00",10
"155","2011-03-06 14:00:00",25
"156","2011-03-07 06:00:00",6
"157","2011-03-08 00:00:00",7
"158","2011-03-08 02:00:00",2
"159","2011-03-08 03:00:00",6
"160","2011-03-08 07:00:00",30
"161","2011-03-08 19:00:00",51
"162","2011-03-08 21:00:00",27
"163","2011-03-08 22:00:00",27
"164","2011-03-09 03:00:00",2
"165","2011-03-09 07:00:00",63
"166","2011-03-09 10:00:00",22
"167","2011-03-09 14:00:00",34
"168","2011-03-09 17:00:00",41
"169","2011-03-09 19:00:00",33
"170","2011-03-10 02:00:00",2
"171","2011-03-10 07:00:00",26
"172","2011-03-10 19:00:00",43
"173","2011-03-10 22:00:00",18
"174","2011-03-11 08:00:00",46
"175","2011-03-11 09:00:00",31
"176","2011-03-11 13:00:00",44
"177","2011-03-11 17:00:00",62
"178","2011-03-11 21:00:00",27
"179","2011-03-12 07:00:00",8
"180","2011-03-12 11:00:00",59
"181","2011-03-12 20:00:00",29
"182","2011-03-12 21:00:00",46
"183","2011-03-13 06:00:00",5
"184","2011-03-13 17:00:00",131
"185","2011-03-13 20:00:00",31
"186","2011-03-13 22:00:00",18
"187","2011-03-14 02:00:00",1
"188","2011-03-14 03:00:00",1
"189","2011-03-14 18:00:00",107
"190","2011-03-14 22:00:00",25
"191","2011-03-14 23:00:00",17
"192","2011-03-15 07:00:00",32
"193","2011-03-15 09:00:00",28
"194","2011-03-15 17:00:00",65
"195","2011-03-15 19:00:00",47
"196","2011-03-16 01:00:00",3
"197","2011-03-16 06:00:00",10
"198","2011-03-16 08:00:00",42
"199","2011-03-16 20:00:00",41
"200","2011-03-17 09:00:00",75
"201","2011-03-17 21:00:00",55
"202","2011-03-17 22:00:00",45
"203","2011-03-18 05:00:00",8
"204","2011-03-18 10:00:00",81
"205","2011-03-18 15:00:00",121
"206","2011-03-18 20:00:00",109
"207","2011-03-19 02:00:00",10
"208","2011-03-19 05:00:00",4
"209","2011-03-19 15:00:00",242
"210","2011-03-19 17:00:00",235
"211","2011-03-19 20:00:00",59
"212","2011-04-01 01:00:00",4
"213","2011-04-01 08:00:00",18
"214","2011-04-02 20:00:00",46
"215","2011-04-03 03:00:00",11
"216","2011-04-03 11:00:00",179
"217","2011-04-03 18:00:00",125
"218","2011-04-04 08:00:00",97
"219","2011-04-04 10:00:00",74
"220","2011-04-04 14:00:00",97
"221","2011-04-04 15:00:00",115
"222","2011-04-05 06:00:00",19
"223","2011-04-05 16:00:00",45
"224","2011-04-06 03:00:00",1
"225","2011-04-06 06:00:00",16
"226","2011-04-06 09:00:00",26
"227","2011-04-06 13:00:00",63
"228","2011-04-07 09:00:00",58
"229","2011-04-07 10:00:00",52
"230","2011-04-07 14:00:00",93
"231","2011-04-07 18:00:00",198
"232","2011-04-08 04:00:00",2
"233","2011-04-08 21:00:00",19
"234","2011-04-08 23:00:00",12
"235","2011-04-09 00:00:00",13
"236","2011-04-09 02:00:00",7
"237","2011-04-09 06:00:00",3
"238","2011-04-09 14:00:00",139
"239","2011-04-09 17:00:00",182
"240","2011-04-09 21:00:00",35
"241","2011-04-10 01:00:00",20
"242","2011-04-10 19:00:00",92
"243","2011-04-11 05:00:00",7
"244","2011-04-11 18:00:00",125
"245","2011-04-12 10:00:00",34
"246","2011-04-12 13:00:00",72
"247","2011-04-12 15:00:00",60
"248","2011-04-12 16:00:00",66
"249","2011-04-13 09:00:00",17
"250","2011-04-13 15:00:00",54
"251","2011-04-13 23:00:00",19
"252","2011-04-14 12:00:00",56
"253","2011-04-14 22:00:00",57
"254","2011-04-14 23:00:00",26
"255","2011-04-15 10:00:00",63
"256","2011-04-15 11:00:00",73
"257","2011-04-15 15:00:00",97
"258","2011-04-15 19:00:00",90
"259","2011-04-16 01:00:00",9
"260","2011-04-16 16:00:00",19
"261","2011-04-16 18:00:00",22
"262","2011-04-17 14:00:00",229
"263","2011-04-17 23:00:00",31
"264","2011-04-18 13:00:00",90
"265","2011-04-19 14:00:00",69
"266","2011-04-19 23:00:00",26
"267","2011-05-01 00:00:00",45
"268","2011-05-01 07:00:00",27
"269","2011-05-01 18:00:00",97
"270","2011-05-01 21:00:00",60
"271","2011-05-01 23:00:00",87
"272","2011-05-02 06:00:00",22
"273","2011-05-02 08:00:00",114
"274","2011-05-02 09:00:00",103
"275","2011-05-02 17:00:00",75
"276","2011-05-02 19:00:00",122
"277","2011-05-02 21:00:00",67
"278","2011-05-02 22:00:00",36
"279","2011-05-03 12:00:00",67
"280","2011-05-03 13:00:00",75
"281","2011-05-03 16:00:00",54
"282","2011-05-04 17:00:00",67
"283","2011-05-04 21:00:00",58
"284","2011-05-05 02:00:00",4
"285","2011-05-05 16:00:00",128
"286","2011-05-06 04:00:00",2
"287","2011-05-06 08:00:00",91
"288","2011-05-06 11:00:00",72
"289","2011-05-06 23:00:00",38
"290","2011-05-08 11:00:00",198
"291","2011-05-08 16:00:00",196
"292","2011-05-08 20:00:00",101
"293","2011-05-10 07:00:00",69
"294","2011-05-10 22:00:00",64
"295","2011-05-11 02:00:00",9
"296","2011-05-11 16:00:00",132
"297","2011-05-11 21:00:00",79
"298","2011-05-11 22:00:00",51
"299","2011-05-12 07:00:00",49
"300","2011-05-12 08:00:00",125
"301","2011-05-12 17:00:00",118
"302","2011-05-12 20:00:00",93
"303","2011-05-12 21:00:00",55
"304","2011-05-12 23:00:00",39
"305","2011-05-13 03:00:00",3
"306","2011-05-13 08:00:00",109
"307","2011-05-13 10:00:00",78
"308","2011-05-13 18:00:00",139
"309","2011-05-14 03:00:00",11
"310","2011-05-14 10:00:00",60
"311","2011-05-14 23:00:00",19
"312","2011-05-15 03:00:00",13
"313","2011-05-15 04:00:00",6
"314","2011-05-15 08:00:00",39
"315","2011-05-15 10:00:00",77
"316","2011-05-15 13:00:00",209
"317","2011-05-16 08:00:00",55
"318","2011-05-16 13:00:00",100
"319","2011-05-16 22:00:00",35
"320","2011-05-16 23:00:00",25
"321","2011-05-17 01:00:00",10
"322","2011-05-17 04:00:00",4
"323","2011-05-17 17:00:00",98
"324","2011-05-18 00:00:00",14
"325","2011-05-18 03:00:00",7
"326","2011-05-18 14:00:00",48
"327","2011-05-18 16:00:00",62
"328","2011-05-18 20:00:00",66
"329","2011-05-19 01:00:00",6
"330","2011-05-19 13:00:00",86
"331","2011-05-19 14:00:00",67
"332","2011-05-19 20:00:00",112
"333","2011-06-01 05:00:00",3
"334","2011-06-01 07:00:00",41
"335","2011-06-01 08:00:00",50
"336","2011-06-01 11:00:00",36
"337","2011-06-02 00:00:00",18
"338","2011-06-02 08:00:00",82
"339","2011-06-02 10:00:00",72
"340","2011-06-02 12:00:00",80
"341","2011-06-02 20:00:00",119
"342","2011-06-03 04:00:00",2
"343","2011-06-03 05:00:00",7
"344","2011-06-03 06:00:00",22
"345","2011-06-03 09:00:00",75
"346","2011-06-03 16:00:00",194
"347","2011-06-04 06:00:00",21
"348","2011-06-04 17:00:00",206
"349","2011-06-06 15:00:00",93
"350","2011-06-06 20:00:00",73
"351","2011-06-06 21:00:00",78
"352","2011-06-07 04:00:00",2
"353","2011-06-07 21:00:00",34
"354","2011-06-07 22:00:00",33
"355","2011-06-08 00:00:00",16
"356","2011-06-08 01:00:00",5
"357","2011-06-08 02:00:00",1
"358","2011-06-08 05:00:00",1
"359","2011-06-08 06:00:00",27
"360","2011-06-08 15:00:00",52
"361","2011-06-08 21:00:00",42
"362","2011-06-08 22:00:00",48
"363","2011-06-08 23:00:00",23
"364","2011-06-09 01:00:00",5
"365","2011-06-09 06:00:00",17
"366","2011-06-09 12:00:00",68
"367","2011-06-09 20:00:00",67
"368","2011-06-10 08:00:00",49
"369","2011-06-10 15:00:00",114
"370","2011-06-10 23:00:00",44
"371","2011-06-11 16:00:00",249
"372","2011-06-11 22:00:00",57
"373","2011-06-12 02:00:00",14
"374","2011-06-12 05:00:00",6
"375","2011-06-12 21:00:00",49
"376","2011-06-12 22:00:00",33
"377","2011-06-13 03:00:00",2
"378","2011-06-13 09:00:00",86
"379","2011-06-13 13:00:00",129
"380","2011-06-13 19:00:00",238
"381","2011-06-14 09:00:00",74
"382","2011-06-14 12:00:00",74
"383","2011-06-15 01:00:00",6
"384","2011-06-15 08:00:00",110
"385","2011-06-15 16:00:00",79
"386","2011-06-16 03:00:00",2
"387","2011-06-16 07:00:00",51
"388","2011-06-16 19:00:00",85
"389","2011-06-17 01:00:00",8
"390","2011-06-17 17:00:00",205
"391","2011-06-18 04:00:00",2
"392","2011-06-19 11:00:00",194
"393","2011-06-19 13:00:00",194
"394","2011-06-19 19:00:00",124
"395","2011-06-19 22:00:00",55
"396","2011-07-01 00:00:00",34
"397","2011-07-01 07:00:00",76
"398","2011-07-01 09:00:00",90
"399","2011-07-01 13:00:00",167
"400","2011-07-01 19:00:00",148
"401","2011-07-02 10:00:00",121
"402","2011-07-02 11:00:00",172
"403","2011-07-02 14:00:00",212
"404","2011-07-03 03:00:00",16
"405","2011-07-03 04:00:00",6
"406","2011-07-03 06:00:00",3
"407","2011-07-03 13:00:00",272
"408","2011-07-03 17:00:00",257
"409","2011-07-03 19:00:00",132
"410","2011-07-05 01:00:00",19
"411","2011-07-06 00:00:00",20
"412","2011-07-06 01:00:00",9
"413","2011-07-06 03:00:00",2
"414","2011-07-06 13:00:00",49
"415","2011-07-06 18:00:00",174
"416","2011-07-07 13:00:00",67
"417","2011-07-08 02:00:00",15
"418","2011-07-08 11:00:00",87
"419","2011-07-08 13:00:00",85
"420","2011-07-09 06:00:00",14
"421","2011-07-09 09:00:00",120
"422","2011-07-09 21:00:00",122
"423","2011-07-10 03:00:00",17
"424","2011-07-10 05:00:00",11
"425","2011-07-11 01:00:00",9
"426","2011-07-11 04:00:00",3
"427","2011-07-11 07:00:00",74
"428","2011-07-11 15:00:00",78
"429","2011-07-11 23:00:00",27
"430","2011-07-12 08:00:00",102
"431","2011-07-12 23:00:00",30
"432","2011-07-13 00:00:00",14
"433","2011-07-13 08:00:00",70
"434","2011-07-13 14:00:00",79
"435","2011-07-13 17:00:00",113
"436","2011-07-13 19:00:00",128
"437","2011-07-13 22:00:00",92
"438","2011-07-14 14:00:00",76
"439","2011-07-14 15:00:00",66
"440","2011-07-14 16:00:00",71
"441","2011-07-14 20:00:00",126
"442","2011-07-14 21:00:00",85
"443","2011-07-15 05:00:00",19
"444","2011-07-15 07:00:00",52
"445","2011-07-15 12:00:00",105
"446","2011-07-15 14:00:00",173
"447","2011-07-16 11:00:00",204
"448","2011-07-16 16:00:00",221
"449","2011-07-17 02:00:00",49
"450","2011-07-17 06:00:00",19
"451","2011-07-17 10:00:00",171
"452","2011-07-18 05:00:00",11
"453","2011-07-18 17:00:00",139
"454","2011-07-18 19:00:00",160
"455","2011-07-19 04:00:00",4
"456","2011-07-19 15:00:00",77
"457","2011-08-01 07:00:00",50
"458","2011-08-01 09:00:00",59
"459","2011-08-01 13:00:00",59
"460","2011-08-01 14:00:00",56
"461","2011-08-01 16:00:00",69
"462","2011-08-02 00:00:00",20
"463","2011-08-02 06:00:00",33
"464","2011-08-02 16:00:00",87
"465","2011-08-03 10:00:00",40
"466","2011-08-03 14:00:00",91
"467","2011-08-03 18:00:00",89
"468","2011-08-04 03:00:00",2
"469","2011-08-04 04:00:00",2
"470","2011-08-04 16:00:00",105
"471","2011-08-05 06:00:00",47
"472","2011-08-05 20:00:00",175
"473","2011-08-06 04:00:00",8
"474","2011-08-06 15:00:00",143
"475","2011-08-06 17:00:00",118
"476","2011-08-07 02:00:00",29
"477","2011-08-07 12:00:00",172
"478","2011-08-07 19:00:00",88
"479","2011-08-08 08:00:00",79
"480","2011-08-08 12:00:00",124
"481","2011-08-08 15:00:00",96
"482","2011-08-08 23:00:00",44
"483","2011-08-09 14:00:00",102
"484","2011-08-09 22:00:00",55
"485","2011-08-10 02:00:00",3
"486","2011-08-10 09:00:00",53
"487","2011-08-10 15:00:00",60
"488","2011-08-11 04:00:00",4
"489","2011-08-11 05:00:00",9
"490","2011-08-11 08:00:00",71
"491","2011-08-11 10:00:00",62
"492","2011-08-11 21:00:00",56
"493","2011-08-11 22:00:00",63
"494","2011-08-12 06:00:00",21
"495","2011-08-12 22:00:00",118
"496","2011-08-13 02:00:00",34
"497","2011-08-13 08:00:00",68
"498","2011-08-13 10:00:00",152
"499","2011-08-14 11:00:00",100
"500","2011-08-14 14:00:00",178
"501","2011-08-14 20:00:00",96
"502","2011-08-15 02:00:00",1
"503","2011-08-15 09:00:00",78
"504","2011-08-15 13:00:00",129
"505","2011-08-15 17:00:00",163
"506","2011-08-15 18:00:00",155
"507","2011-08-15 19:00:00",74
"508","2011-08-16 04:00:00",2
"509","2011-08-16 12:00:00",75
"510","2011-08-16 17:00:00",107
"511","2011-08-16 20:00:00",71
"512","2011-08-17 04:00:00",1
"513","2011-08-17 09:00:00",44
"514","2011-08-17 17:00:00",118
"515","2011-08-18 01:00:00",20
"516","2011-08-18 05:00:00",6
"517","2011-08-18 07:00:00",48
"518","2011-08-18 08:00:00",64
"519","2011-08-19 01:00:00",4
"520","2011-08-19 13:00:00",92
"521","2011-08-19 15:00:00",98
"522","2011-08-19 22:00:00",49
"523","2011-09-01 07:00:00",20
"524","2011-09-01 12:00:00",98
"525","2011-09-01 13:00:00",76
"526","2011-09-01 18:00:00",145
"527","2011-09-02 07:00:00",41
"528","2011-09-02 08:00:00",84
"529","2011-09-02 17:00:00",133
"530","2011-09-02 20:00:00",53
"531","2011-09-02 23:00:00",60
"532","2011-09-03 02:00:00",30
"533","2011-09-03 23:00:00",67
"534","2011-09-04 08:00:00",54
"535","2011-09-04 09:00:00",123
"536","2011-09-04 15:00:00",273
"537","2011-09-05 00:00:00",42
"538","2011-09-05 11:00:00",151
"539","2011-09-05 21:00:00",53
"540","2011-09-06 03:00:00",3
"541","2011-09-06 12:00:00",54
"542","2011-09-06 13:00:00",31
"543","2011-09-06 17:00:00",117
"544","2011-09-07 22:00:00",28
"545","2011-09-08 04:00:00",0
"546","2011-09-08 23:00:00",8
"547","2011-09-09 03:00:00",2
"548","2011-09-09 06:00:00",7
"549","2011-09-09 11:00:00",17
"550","2011-09-09 16:00:00",58
"551","2011-09-09 19:00:00",72
"552","2011-09-09 21:00:00",69
"553","2011-09-09 23:00:00",44
"554","2011-09-10 01:00:00",20
"555","2011-09-10 02:00:00",21
"556","2011-09-10 03:00:00",11
"557","2011-09-10 05:00:00",4
"558","2011-09-10 13:00:00",197
"559","2011-09-10 17:00:00",225
"560","2011-09-11 02:00:00",33
"561","2011-09-11 07:00:00",19
"562","2011-09-11 15:00:00",174
"563","2011-09-12 09:00:00",27
"564","2011-09-12 12:00:00",68
"565","2011-09-12 20:00:00",51
"566","2011-09-13 09:00:00",43
"567","2011-09-13 18:00:00",127
"568","2011-09-13 20:00:00",57
"569","2011-09-14 00:00:00",14
"570","2011-09-14 10:00:00",45
"571","2011-09-14 15:00:00",63
"572","2011-09-14 21:00:00",60
"573","2011-09-15 02:00:00",3
"574","2011-09-15 05:00:00",7
"575","2011-09-15 09:00:00",49
"576","2011-09-15 19:00:00",47
"577","2011-09-15 21:00:00",43
"578","2011-09-16 02:00:00",6
"579","2011-09-16 05:00:00",8
"580","2011-09-17 00:00:00",49
"581","2011-09-17 06:00:00",12
"582","2011-09-17 10:00:00",151
"583","2011-09-17 14:00:00",179
"584","2011-09-17 18:00:00",157
"585","2011-09-17 20:00:00",92
"586","2011-09-17 22:00:00",64
"587","2011-09-17 23:00:00",45
"588","2011-09-18 18:00:00",131
"589","2011-09-19 03:00:00",4
"590","2011-09-19 07:00:00",66
"591","2011-09-19 11:00:00",86
"592","2011-09-19 12:00:00",74
"593","2011-10-01 14:00:00",52
"594","2011-10-01 15:00:00",64
"595","2011-10-01 23:00:00",21
"596","2011-10-02 01:00:00",7
"597","2011-10-02 05:00:00",1
"598","2011-10-02 07:00:00",24
"599","2011-10-02 13:00:00",106
"600","2011-10-02 18:00:00",62
"601","2011-10-03 08:00:00",69
"602","2011-10-03 14:00:00",45
"603","2011-10-03 22:00:00",37
"604","2011-10-03 23:00:00",23
"605","2011-10-04 00:00:00",15
"606","2011-10-04 10:00:00",39
"607","2011-10-04 15:00:00",72
"608","2011-10-04 18:00:00",167
"609","2011-10-04 21:00:00",46
"610","2011-10-05 01:00:00",8
"611","2011-10-05 04:00:00",3
"612","2011-10-05 06:00:00",18
"613","2011-10-05 11:00:00",52
"614","2011-10-05 12:00:00",52
"615","2011-10-05 14:00:00",74
"616","2011-10-05 20:00:00",40
"617","2011-10-05 23:00:00",19
"618","2011-10-06 03:00:00",3
"619","2011-10-06 07:00:00",55
"620","2011-10-06 12:00:00",127
"621","2011-10-06 19:00:00",180
"622","2011-10-07 08:00:00",68
"623","2011-10-07 10:00:00",70
"624","2011-10-07 11:00:00",102
"625","2011-10-07 12:00:00",91
"626","2011-10-07 19:00:00",94
"627","2011-10-08 01:00:00",25
"628","2011-10-08 15:00:00",323
"629","2011-10-08 21:00:00",66
"630","2011-10-08 22:00:00",54
"631","2011-10-09 03:00:00",16
"632","2011-10-09 06:00:00",16
"633","2011-10-09 09:00:00",80
"634","2011-10-09 10:00:00",172
"635","2011-10-09 11:00:00",224
"636","2011-10-09 15:00:00",228
"637","2011-10-09 20:00:00",73
"638","2011-10-10 20:00:00",66
"639","2011-10-11 01:00:00",4
"640","2011-10-11 10:00:00",80
"641","2011-10-11 15:00:00",58
"642","2011-10-11 19:00:00",105
"643","2011-10-12 08:00:00",78
"644","2011-10-13 00:00:00",6
"645","2011-10-13 03:00:00",4
"646","2011-10-13 13:00:00",29
"647","2011-10-13 21:00:00",27
"648","2011-10-14 11:00:00",20
"649","2011-10-14 12:00:00",21
"650","2011-10-14 14:00:00",72
"651","2011-10-15 04:00:00",2
"652","2011-10-15 14:00:00",345
"653","2011-10-15 18:00:00",154
"654","2011-10-16 10:00:00",143
"655","2011-10-16 23:00:00",46
"656","2011-10-17 06:00:00",21
"657","2011-10-17 07:00:00",41
"658","2011-10-17 16:00:00",111
"659","2011-10-17 21:00:00",57
"660","2011-10-17 22:00:00",38
"661","2011-10-18 05:00:00",8
"662","2011-10-18 08:00:00",56
"663","2011-10-18 13:00:00",79
"664","2011-10-19 08:00:00",22
"665","2011-10-19 11:00:00",55
"666","2011-10-19 12:00:00",36
"667","2011-10-19 21:00:00",19
"668","2011-10-19 23:00:00",25
"669","2011-11-01 00:00:00",9
"670","2011-11-01 12:00:00",60
"671","2011-11-01 15:00:00",71
"672","2011-11-02 18:00:00",74
"673","2011-11-02 23:00:00",18
"674","2011-11-03 00:00:00",11
"675","2011-11-03 02:00:00",5
"676","2011-11-03 09:00:00",41
"677","2011-11-04 01:00:00",7
"678","2011-11-04 13:00:00",46
"679","2011-11-04 15:00:00",60
"680","2011-11-04 22:00:00",57
"681","2011-11-05 00:00:00",17
"682","2011-11-05 11:00:00",108
"683","2011-11-05 12:00:00",199
"684","2011-11-06 00:00:00",34
"685","2011-11-06 02:00:00",27
"686","2011-11-06 11:00:00",111
"687","2011-11-06 20:00:00",51
"688","2011-11-07 02:00:00",3
"689","2011-11-07 05:00:00",6
"690","2011-11-07 07:00:00",23
"691","2011-11-07 16:00:00",101
"692","2011-11-07 23:00:00",23
"693","2011-11-08 02:00:00",2
"694","2011-11-08 20:00:00",44
"695","2011-11-09 06:00:00",30
"696","2011-11-09 07:00:00",103
"697","2011-11-10 02:00:00",3
"698","2011-11-10 04:00:00",4
"699","2011-11-10 12:00:00",49
"700","2011-11-10 14:00:00",16
"701","2011-11-10 19:00:00",51
"702","2011-11-11 00:00:00",17
"703","2011-11-11 03:00:00",2
"704","2011-11-11 04:00:00",1
"705","2011-11-11 19:00:00",70
"706","2011-11-11 20:00:00",75
"707","2011-11-12 19:00:00",70
"708","2011-11-12 23:00:00",48
"709","2011-11-13 01:00:00",19
"710","2011-11-13 02:00:00",21
"711","2011-11-13 19:00:00",98
"712","2011-11-14 02:00:00",10
"713","2011-11-14 10:00:00",40
"714","2011-11-14 15:00:00",96
"715","2011-11-14 21:00:00",62
"716","2011-11-14 23:00:00",37
"717","2011-11-15 00:00:00",17
"718","2011-11-15 02:00:00",9
"719","2011-11-15 16:00:00",71
"720","2011-11-16 01:00:00",3
"721","2011-11-16 05:00:00",3
"722","2011-11-16 08:00:00",33
"723","2011-11-16 15:00:00",40
"724","2011-11-16 17:00:00",36
"725","2011-11-17 00:00:00",12
"726","2011-11-17 02:00:00",2
"727","2011-11-17 04:00:00",2
"728","2011-11-17 05:00:00",9
"729","2011-11-17 10:00:00",50
"730","2011-11-17 12:00:00",41
"731","2011-11-17 15:00:00",41
"732","2011-11-18 02:00:00",7
"733","2011-11-18 16:00:00",90
"734","2011-11-19 08:00:00",60
"735","2011-11-19 09:00:00",101
"736","2011-11-19 11:00:00",111
"737","2011-11-19 20:00:00",61
"738","2011-11-19 21:00:00",62
"739","2011-12-01 12:00:00",41
"740","2011-12-01 18:00:00",135
"741","2011-12-01 20:00:00",93
"742","2011-12-01 22:00:00",39
"743","2011-12-01 23:00:00",30
"744","2011-12-02 00:00:00",18
"745","2011-12-02 09:00:00",101
"746","2011-12-02 10:00:00",33
"747","2011-12-02 14:00:00",60
"748","2011-12-02 18:00:00",30
"749","2011-12-02 20:00:00",84
"750","2011-12-02 21:00:00",58
"751","2011-12-03 11:00:00",81
"752","2011-12-03 13:00:00",122
"753","2011-12-03 18:00:00",82
"754","2011-12-03 22:00:00",41
"755","2011-12-04 13:00:00",101
"756","2011-12-04 20:00:00",46
"757","2011-12-05 09:00:00",34
"758","2011-12-05 10:00:00",38
"759","2011-12-05 11:00:00",34
"760","2011-12-07 02:00:00",4
"761","2011-12-07 06:00:00",11
"762","2011-12-07 15:00:00",17
"763","2011-12-07 16:00:00",22
"764","2011-12-08 02:00:00",3
"765","2011-12-08 21:00:00",61
"766","2011-12-09 01:00:00",8
"767","2011-12-09 03:00:00",2
"768","2011-12-09 05:00:00",5
"769","2011-12-09 10:00:00",38
"770","2011-12-09 12:00:00",57
"771","2011-12-09 18:00:00",44
"772","2011-12-09 23:00:00",40
"773","2011-12-10 01:00:00",33
"774","2011-12-10 06:00:00",12
"775","2011-12-10 21:00:00",32
"776","2011-12-11 03:00:00",9
"777","2011-12-11 19:00:00",60
"778","2011-12-12 09:00:00",52
"779","2011-12-12 12:00:00",78
"780","2011-12-12 14:00:00",48
"781","2011-12-12 15:00:00",34
"782","2011-12-12 19:00:00",60
"783","2011-12-13 01:00:00",5
"784","2011-12-13 06:00:00",16
"785","2011-12-13 11:00:00",38
"786","2011-12-13 12:00:00",38
"787","2011-12-13 13:00:00",38
"788","2011-12-14 03:00:00",1
"789","2011-12-14 07:00:00",63
"790","2011-12-14 12:00:00",42
"791","2011-12-14 19:00:00",60
"792","2011-12-15 08:00:00",68
"793","2011-12-15 09:00:00",63
"794","2011-12-15 21:00:00",33
"795","2011-12-16 06:00:00",17
"796","2011-12-16 15:00:00",59
"797","2011-12-16 17:00:00",86
"798","2011-12-16 18:00:00",78
"799","2011-12-17 09:00:00",70
"800","2011-12-17 13:00:00",107
"801","2011-12-17 15:00:00",120
"802","2011-12-17 21:00:00",19
"803","2011-12-17 22:00:00",14
"804","2011-12-18 00:00:00",18
"805","2011-12-18 20:00:00",46
"806","2011-12-19 08:00:00",53
"807","2012-01-01 05:00:00",3
"808","2012-01-01 08:00:00",26
"809","2012-01-01 14:00:00",172
"810","2012-01-01 23:00:00",36
"811","2012-01-02 02:00:00",3
"812","2012-01-02 10:00:00",42
"813","2012-01-02 14:00:00",74
"814","2012-01-02 17:00:00",49
"815","2012-01-02 20:00:00",35
"816","2012-01-03 02:00:00",3
"817","2012-01-03 08:00:00",54
"818","2012-01-03 18:00:00",85
"819","2012-01-03 21:00:00",25
"820","2012-01-04 18:00:00",69
"821","2012-01-05 00:00:00",4
"822","2012-01-05 02:00:00",1
"823","2012-01-05 04:00:00",1
"824","2012-01-05 05:00:00",3
"825","2012-01-05 06:00:00",9
"826","2012-01-05 18:00:00",145
"827","2012-01-05 22:00:00",22
"828","2012-01-06 10:00:00",47
"829","2012-01-07 01:00:00",19
"830","2012-01-07 02:00:00",11
"831","2012-01-07 04:00:00",4
"832","2012-01-08 02:00:00",21
"833","2012-01-08 03:00:00",18
"834","2012-01-08 13:00:00",188
"835","2012-01-08 23:00:00",9
"836","2012-01-09 05:00:00",4
"837","2012-01-09 09:00:00",47
"838","2012-01-09 15:00:00",13
"839","2012-01-09 18:00:00",23
"840","2012-01-10 00:00:00",5
"841","2012-01-10 02:00:00",3
"842","2012-01-10 04:00:00",1
"843","2012-01-10 08:00:00",48
"844","2012-01-10 18:00:00",49
"845","2012-01-10 22:00:00",21
"846","2012-01-11 02:00:00",1
"847","2012-01-11 04:00:00",1
"848","2012-01-11 12:00:00",13
"849","2012-01-11 15:00:00",16
"850","2012-01-11 19:00:00",8
"851","2012-01-11 21:00:00",9
"852","2012-01-11 23:00:00",8
"853","2012-01-12 10:00:00",25
"854","2012-01-12 12:00:00",24
"855","2012-01-13 23:00:00",23
"856","2012-01-14 02:00:00",11
"857","2012-01-14 03:00:00",9
"858","2012-01-14 07:00:00",9
"859","2012-01-14 08:00:00",22
"860","2012-01-14 11:00:00",47
"861","2012-01-14 12:00:00",70
"862","2012-01-14 17:00:00",51
"863","2012-01-14 21:00:00",31
"864","2012-01-15 04:00:00",5
"865","2012-01-15 05:00:00",4
"866","2012-01-15 19:00:00",37
"867","2012-01-16 04:00:00",4
"868","2012-01-16 11:00:00",38
"869","2012-01-16 17:00:00",44
"870","2012-01-16 18:00:00",44
"871","2012-01-16 23:00:00",2
"872","2012-01-17 01:00:00",2
"873","2012-01-17 05:00:00",5
"874","2012-01-17 08:00:00",15
"875","2012-01-17 11:00:00",7
"876","2012-01-17 18:00:00",77
"877","2012-01-17 22:00:00",34
"878","2012-01-18 01:00:00",7
"879","2012-01-18 02:00:00",3
"880","2012-01-18 03:00:00",2
"881","2012-01-18 05:00:00",1
"882","2012-01-18 07:00:00",20
"883","2012-01-19 01:00:00",4
"884","2012-01-19 06:00:00",21
"885","2012-01-19 10:00:00",49
"886","2012-01-19 13:00:00",60
"887","2012-01-19 14:00:00",70
"888","2012-01-19 15:00:00",63
"889","2012-01-19 19:00:00",46
"890","2012-02-01 00:00:00",6
"891","2012-02-01 05:00:00",5
"892","2012-02-01 10:00:00",19
"893","2012-02-01 11:00:00",38
"894","2012-02-01 14:00:00",116
"895","2012-02-01 22:00:00",57
"896","2012-02-02 05:00:00",5
"897","2012-02-02 07:00:00",11
"898","2012-02-02 21:00:00",44
"899","2012-02-03 05:00:00",3
"900","2012-02-03 07:00:00",81
"901","2012-02-03 22:00:00",56
"902","2012-02-03 23:00:00",27
"903","2012-02-04 02:00:00",12
"904","2012-02-04 06:00:00",6
"905","2012-02-04 21:00:00",21
"906","2012-02-05 01:00:00",19
"907","2012-02-05 08:00:00",14
"908","2012-02-05 20:00:00",27
"909","2012-02-06 15:00:00",42
"910","2012-02-06 22:00:00",19
"911","2012-02-07 04:00:00",1
"912","2012-02-07 09:00:00",33
"913","2012-02-07 10:00:00",30
"914","2012-02-07 12:00:00",21
"915","2012-02-07 16:00:00",91
"916","2012-02-07 21:00:00",27
"917","2012-02-08 00:00:00",7
"918","2012-02-08 21:00:00",13
"919","2012-02-08 23:00:00",21
"920","2012-02-09 00:00:00",6
"921","2012-02-09 06:00:00",6
"922","2012-02-09 09:00:00",64
"923","2012-02-09 14:00:00",74
"924","2012-02-09 17:00:00",144
"925","2012-02-10 04:00:00",2
"926","2012-02-11 07:00:00",16
"927","2012-02-11 10:00:00",42
"928","2012-02-12 06:00:00",5
"929","2012-02-12 09:00:00",23
"930","2012-02-12 10:00:00",35
"931","2012-02-13 04:00:00",1
"932","2012-02-13 16:00:00",13
"933","2012-02-14 03:00:00",1
"934","2012-02-14 11:00:00",50
"935","2012-02-14 19:00:00",51
"936","2012-02-15 12:00:00",37
"937","2012-02-15 20:00:00",53
"938","2012-02-15 21:00:00",21
"939","2012-02-16 03:00:00",2
"940","2012-02-16 04:00:00",1
"941","2012-02-16 21:00:00",16
"942","2012-02-17 01:00:00",7
"943","2012-02-17 03:00:00",1
"944","2012-02-17 15:00:00",74
"945","2012-02-18 03:00:00",8
"946","2012-02-18 12:00:00",176
"947","2012-02-18 14:00:00",250
"948","2012-02-18 15:00:00",275
"949","2012-02-18 21:00:00",65
"950","2012-02-19 03:00:00",9
"951","2012-02-19 04:00:00",1
"952","2012-02-19 20:00:00",57
"953","2012-02-19 23:00:00",9
"954","2012-03-01 00:00:00",9
"955","2012-03-01 04:00:00",2
"956","2012-03-01 05:00:00",5
"957","2012-03-01 07:00:00",13
"958","2012-03-01 14:00:00",117
"959","2012-03-01 17:00:00",145
"960","2012-03-02 01:00:00",5
"961","2012-03-02 12:00:00",88
"962","2012-03-02 13:00:00",102
"963","2012-03-03 01:00:00",11
"964","2012-03-03 16:00:00",318
"965","2012-03-03 22:00:00",58
"966","2012-03-04 01:00:00",42
"967","2012-03-04 08:00:00",30
"968","2012-03-04 09:00:00",34
"969","2012-03-05 17:00:00",68
"970","2012-03-06 03:00:00",2
"971","2012-03-06 15:00:00",38
"972","2012-03-06 20:00:00",30
"973","2012-03-07 03:00:00",3
"974","2012-03-07 09:00:00",45
"975","2012-03-07 18:00:00",157
"976","2012-03-07 21:00:00",33
"977","2012-03-08 15:00:00",92
"978","2012-03-09 09:00:00",51
"979","2012-03-09 15:00:00",94
"980","2012-03-09 21:00:00",30
"981","2012-03-09 22:00:00",18
"982","2012-03-10 07:00:00",10
"983","2012-03-10 12:00:00",111
"984","2012-03-10 13:00:00",100
"985","2012-03-10 19:00:00",76
"986","2012-03-11 07:00:00",12
"987","2012-03-11 13:00:00",275
"988","2012-03-12 04:00:00",1
"989","2012-03-12 20:00:00",147
"990","2012-03-13 02:00:00",3
"991","2012-03-13 11:00:00",79
"992","2012-03-13 22:00:00",52
"993","2012-03-14 00:00:00",16
"994","2012-03-14 10:00:00",81
"995","2012-03-14 11:00:00",154
"996","2012-03-15 12:00:00",119
"997","2012-03-16 00:00:00",16
"998","2012-03-16 03:00:00",1
"999","2012-03-16 07:00:00",24
"1000","2012-03-16 12:00:00",79
"1001","2012-03-16 13:00:00",77
"1002","2012-03-16 23:00:00",38
"1003","2012-03-17 01:00:00",23
"1004","2012-03-17 10:00:00",178
"1005","2012-03-17 23:00:00",46
"1006","2012-03-18 02:00:00",34
"1007","2012-03-18 21:00:00",72
"1008","2012-03-18 23:00:00",15
"1009","2012-03-19 10:00:00",92
"1010","2012-03-19 11:00:00",95
"1011","2012-03-19 18:00:00",211
"1012","2012-03-19 22:00:00",36
"1013","2012-03-19 23:00:00",16
"1014","2012-04-01 02:00:00",30
"1015","2012-04-01 05:00:00",11
"1016","2012-04-01 06:00:00",15
"1017","2012-04-01 08:00:00",44
"1018","2012-04-01 09:00:00",114
"1019","2012-04-01 12:00:00",237
"1020","2012-04-01 16:00:00",287
"1021","2012-04-02 02:00:00",3
"1022","2012-04-02 12:00:00",143
"1023","2012-04-03 00:00:00",8
"1024","2012-04-03 10:00:00",93
"1025","2012-04-03 22:00:00",40
"1026","2012-04-04 09:00:00",79
"1027","2012-04-04 11:00:00",145
"1028","2012-04-04 12:00:00",197
"1029","2012-04-04 14:00:00",170
"1030","2012-04-05 11:00:00",145
"1031","2012-04-06 05:00:00",6
"1032","2012-04-06 06:00:00",9
"1033","2012-04-06 13:00:00",180
"1034","2012-04-06 22:00:00",57
"1035","2012-04-07 04:00:00",5
"1036","2012-04-07 16:00:00",450
"1037","2012-04-07 19:00:00",268
"1038","2012-04-08 11:00:00",263
"1039","2012-04-08 22:00:00",66
"1040","2012-04-09 01:00:00",12
"1041","2012-04-09 02:00:00",7
"1042","2012-04-09 04:00:00",5
"1043","2012-04-09 07:00:00",64
"1044","2012-04-09 09:00:00",105
"1045","2012-04-09 13:00:00",168
"1046","2012-04-09 23:00:00",28
"1047","2012-04-10 02:00:00",2
"1048","2012-04-10 20:00:00",48
"1049","2012-04-10 21:00:00",25
"1050","2012-04-11 05:00:00",7
"1051","2012-04-11 10:00:00",71
"1052","2012-04-12 00:00:00",9
"1053","2012-04-12 02:00:00",2
"1054","2012-04-12 03:00:00",4
"1055","2012-04-12 06:00:00",14
"1056","2012-04-12 08:00:00",102
"1057","2012-04-12 10:00:00",96
"1058","2012-04-12 23:00:00",72
"1059","2012-04-13 17:00:00",197
"1060","2012-04-13 18:00:00",199
"1061","2012-04-13 19:00:00",166
"1062","2012-04-14 00:00:00",37
"1063","2012-04-14 03:00:00",12
"1064","2012-04-14 08:00:00",32
"1065","2012-04-14 11:00:00",264
"1066","2012-04-14 16:00:00",384
"1067","2012-04-15 00:00:00",63
"1068","2012-04-15 12:00:00",398
"1069","2012-04-15 13:00:00",364
"1070","2012-04-16 12:00:00",108
"1071","2012-04-16 13:00:00",134
"1072","2012-04-16 15:00:00",132
"1073","2012-04-16 16:00:00",164
"1074","2012-04-16 18:00:00",180
"1075","2012-04-17 06:00:00",19
"1076","2012-04-17 08:00:00",110
"1077","2012-04-17 17:00:00",371
"1078","2012-04-17 20:00:00",164
"1079","2012-04-18 03:00:00",4
"1080","2012-04-18 05:00:00",10
"1081","2012-04-18 14:00:00",43
"1082","2012-04-18 17:00:00",102
"1083","2012-04-19 03:00:00",3
"1084","2012-04-19 21:00:00",63
"1085","2012-05-01 00:00:00",21
"1086","2012-05-01 02:00:00",4
"1087","2012-05-01 05:00:00",14
"1088","2012-05-01 13:00:00",92
"1089","2012-05-01 19:00:00",116
"1090","2012-05-02 02:00:00",11
"1091","2012-05-02 13:00:00",66
"1092","2012-05-02 20:00:00",119
"1093","2012-05-03 07:00:00",15
"1094","2012-05-03 08:00:00",23
"1095","2012-05-03 09:00:00",33
"1096","2012-05-03 11:00:00",64
"1097","2012-05-03 18:00:00",113
"1098","2012-05-03 21:00:00",54
"1099","2012-05-04 03:00:00",2
"1100","2012-05-04 05:00:00",5
"1101","2012-05-04 07:00:00",49
"1102","2012-05-04 18:00:00",109
"1103","2012-05-04 22:00:00",63
"1104","2012-05-05 02:00:00",31
"1105","2012-05-05 05:00:00",11
"1106","2012-05-05 16:00:00",250
"1107","2012-05-06 13:00:00",253
"1108","2012-05-07 04:00:00",2
"1109","2012-05-07 05:00:00",13
"1110","2012-05-07 14:00:00",153
"1111","2012-05-08 07:00:00",110
"1112","2012-05-08 10:00:00",99
"1113","2012-05-08 12:00:00",168
"1114","2012-05-08 14:00:00",64
"1115","2012-05-08 23:00:00",25
"1116","2012-05-09 03:00:00",1
"1117","2012-05-09 04:00:00",1
"1118","2012-05-09 12:00:00",118
"1119","2012-05-10 12:00:00",138
"1120","2012-05-10 15:00:00",150
"1121","2012-05-10 17:00:00",477
"1122","2012-05-11 08:00:00",105
"1123","2012-05-11 12:00:00",139
"1124","2012-05-11 16:00:00",286
"1125","2012-05-13 05:00:00",11
"1126","2012-05-13 08:00:00",65
"1127","2012-05-13 12:00:00",253
"1128","2012-05-13 13:00:00",275
"1129","2012-05-13 17:00:00",255
"1130","2012-05-13 22:00:00",110
"1131","2012-05-14 04:00:00",8
"1132","2012-05-14 15:00:00",61
"1133","2012-05-14 17:00:00",56
"1134","2012-05-14 23:00:00",30
"1135","2012-05-15 02:00:00",2
"1136","2012-05-15 04:00:00",2
"1137","2012-05-15 23:00:00",27
"1138","2012-05-16 00:00:00",17
"1139","2012-05-16 05:00:00",14
"1140","2012-05-16 07:00:00",48
"1141","2012-05-17 03:00:00",2
"1142","2012-05-17 05:00:00",8
"1143","2012-05-17 06:00:00",32
"1144","2012-05-17 11:00:00",160
"1145","2012-05-17 14:00:00",175
"1146","2012-05-18 08:00:00",119
"1147","2012-05-18 11:00:00",191
"1148","2012-05-18 23:00:00",65
"1149","2012-05-19 04:00:00",12
"1150","2012-05-19 08:00:00",69
"1151","2012-05-19 10:00:00",244
"1152","2012-05-19 13:00:00",449
"1153","2012-05-19 17:00:00",381
"1154","2012-05-19 23:00:00",139
"1155","2012-06-01 16:00:00",48
"1156","2012-06-02 10:00:00",188
"1157","2012-06-02 15:00:00",397
"1158","2012-06-02 16:00:00",412
"1159","2012-06-03 17:00:00",374
"1160","2012-06-03 23:00:00",79
"1161","2012-06-04 08:00:00",69
"1162","2012-06-04 09:00:00",100
"1163","2012-06-04 23:00:00",63
"1164","2012-06-05 03:00:00",2
"1165","2012-06-05 07:00:00",98
"1166","2012-06-05 17:00:00",233
"1167","2012-06-05 22:00:00",80
"1168","2012-06-06 20:00:00",127
"1169","2012-06-07 13:00:00",122
"1170","2012-06-07 23:00:00",101
"1171","2012-06-08 05:00:00",17
"1172","2012-06-08 21:00:00",142
"1173","2012-06-09 04:00:00",10
"1174","2012-06-09 10:00:00",253
"1175","2012-06-09 17:00:00",322
"1176","2012-06-09 23:00:00",111
"1177","2012-06-10 05:00:00",7
"1178","2012-06-10 11:00:00",241
"1179","2012-06-11 07:00:00",38
"1180","2012-06-11 12:00:00",97
"1181","2012-06-11 14:00:00",127
"1182","2012-06-11 20:00:00",137
"1183","2012-06-12 01:00:00",11
"1184","2012-06-12 05:00:00",3
"1185","2012-06-12 06:00:00",11
"1186","2012-06-12 08:00:00",96
"1187","2012-06-12 12:00:00",54
"1188","2012-06-12 15:00:00",63
"1189","2012-06-12 21:00:00",50
"1190","2012-06-13 03:00:00",2
"1191","2012-06-13 13:00:00",147
"1192","2012-06-13 18:00:00",272
"1193","2012-06-14 07:00:00",40
"1194","2012-06-14 16:00:00",90
"1195","2012-06-14 18:00:00",151
"1196","2012-06-14 23:00:00",48
"1197","2012-06-15 09:00:00",97
"1198","2012-06-15 20:00:00",180
"1199","2012-06-16 06:00:00",23
"1200","2012-06-16 07:00:00",28
"1201","2012-06-16 08:00:00",94
"1202","2012-06-16 10:00:00",231
"1203","2012-06-16 11:00:00",378
"1204","2012-06-16 12:00:00",364
"1205","2012-06-16 13:00:00",440
"1206","2012-06-16 19:00:00",293
"1207","2012-06-16 20:00:00",194
"1208","2012-06-17 01:00:00",56
"1209","2012-06-17 08:00:00",38
"1210","2012-06-17 09:00:00",132
"1211","2012-06-17 10:00:00",192
"1212","2012-06-17 13:00:00",334
"1213","2012-06-17 19:00:00",249
"1214","2012-06-17 20:00:00",186
"1215","2012-06-18 06:00:00",20
"1216","2012-06-18 09:00:00",95
"1217","2012-06-19 02:00:00",5
"1218","2012-06-19 09:00:00",53
"1219","2012-06-19 14:00:00",71
"1220","2012-06-19 19:00:00",120
"1221","2012-06-19 22:00:00",66
"1222","2012-07-01 00:00:00",40
"1223","2012-07-01 04:00:00",3
"1224","2012-07-01 08:00:00",72
"1225","2012-07-01 16:00:00",176
"1226","2012-07-01 17:00:00",123
"1227","2012-07-02 02:00:00",6
"1228","2012-07-02 06:00:00",39
"1229","2012-07-02 11:00:00",74
"1230","2012-07-02 16:00:00",123
"1231","2012-07-02 20:00:00",157
"1232","2012-07-03 01:00:00",14
"1233","2012-07-03 11:00:00",135
"1234","2012-07-03 19:00:00",290
"1235","2012-07-04 03:00:00",18
"1236","2012-07-04 05:00:00",13
"1237","2012-07-04 13:00:00",293
"1238","2012-07-04 22:00:00",266
"1239","2012-07-05 02:00:00",8
"1240","2012-07-05 12:00:00",149
"1241","2012-07-05 19:00:00",290
"1242","2012-07-05 20:00:00",135
"1243","2012-07-05 23:00:00",66
"1244","2012-07-06 06:00:00",23
"1245","2012-07-06 16:00:00",141
"1246","2012-07-06 23:00:00",36
"1247","2012-07-07 03:00:00",25
"1248","2012-07-07 05:00:00",13
"1249","2012-07-08 00:00:00",37
"1250","2012-07-08 02:00:00",18
"1251","2012-07-08 13:00:00",196
"1252","2012-07-08 18:00:00",94
"1253","2012-07-08 19:00:00",85
"1254","2012-07-08 20:00:00",120
"1255","2012-07-09 12:00:00",72
"1256","2012-07-09 13:00:00",100
"1257","2012-07-09 21:00:00",72
"1258","2012-07-09 23:00:00",41
"1259","2012-07-10 02:00:00",5
"1260","2012-07-10 06:00:00",32
"1261","2012-07-10 12:00:00",125
"1262","2012-07-10 15:00:00",122
"1263","2012-07-10 18:00:00",149
"1264","2012-07-11 20:00:00",105
"1265","2012-07-12 06:00:00",20
"1266","2012-07-12 17:00:00",116
"1267","2012-07-12 20:00:00",110
"1268","2012-07-13 07:00:00",57
"1269","2012-07-13 16:00:00",242
"1270","2012-07-14 01:00:00",29
"1271","2012-07-14 08:00:00",39
"1272","2012-07-14 10:00:00",177
"1273","2012-07-14 12:00:00",244
"1274","2012-07-15 03:00:00",28
"1275","2012-07-15 13:00:00",239
"1276","2012-07-15 16:00:00",177
"1277","2012-07-16 00:00:00",24
"1278","2012-07-16 01:00:00",9
"1279","2012-07-17 02:00:00",5
"1280","2012-07-17 23:00:00",34
"1281","2012-07-18 01:00:00",10
"1282","2012-07-18 23:00:00",54
"1283","2012-07-19 10:00:00",76
"1284","2012-07-19 18:00:00",163
"1285","2012-07-19 23:00:00",52
"1286","2012-08-01 03:00:00",2
"1287","2012-08-02 03:00:00",1
"1288","2012-08-02 06:00:00",15
"1289","2012-08-02 18:00:00",144
"1290","2012-08-03 18:00:00",148
"1291","2012-08-03 22:00:00",83
"1292","2012-08-04 05:00:00",5
"1293","2012-08-04 13:00:00",236
"1294","2012-08-04 18:00:00",194
"1295","2012-08-05 01:00:00",41
"1296","2012-08-05 02:00:00",22
"1297","2012-08-05 09:00:00",95
"1298","2012-08-05 10:00:00",154
"1299","2012-08-05 13:00:00",319
"1300","2012-08-05 16:00:00",162
"1301","2012-08-05 17:00:00",129
"1302","2012-08-05 20:00:00",76
"1303","2012-08-06 04:00:00",7
"1304","2012-08-06 19:00:00",154
"1305","2012-08-06 20:00:00",162
"1306","2012-08-07 00:00:00",21
"1307","2012-08-07 10:00:00",172
"1308","2012-08-07 14:00:00",147
"1309","2012-08-07 17:00:00",397
"1310","2012-08-08 01:00:00",9
"1311","2012-08-08 09:00:00",81
"1312","2012-08-08 15:00:00",221
"1313","2012-08-08 23:00:00",60
"1314","2012-08-09 14:00:00",152
"1315","2012-08-09 15:00:00",116
"1316","2012-08-09 16:00:00",190
"1317","2012-08-10 07:00:00",23
"1318","2012-08-10 16:00:00",134
"1319","2012-08-10 21:00:00",72
"1320","2012-08-11 05:00:00",5
"1321","2012-08-11 12:00:00",239
"1322","2012-08-12 00:00:00",39
"1323","2012-08-12 10:00:00",176
"1324","2012-08-12 15:00:00",265
"1325","2012-08-12 16:00:00",238
"1326","2012-08-12 21:00:00",121
"1327","2012-08-13 07:00:00",28
"1328","2012-08-13 08:00:00",71
"1329","2012-08-13 09:00:00",72
"1330","2012-08-13 20:00:00",94
"1331","2012-08-14 08:00:00",44
"1332","2012-08-14 18:00:00",132
"1333","2012-08-15 01:00:00",11
"1334","2012-08-15 09:00:00",103
"1335","2012-08-15 11:00:00",131
"1336","2012-08-15 14:00:00",153
"1337","2012-08-15 22:00:00",44
"1338","2012-08-16 10:00:00",97
"1339","2012-08-16 11:00:00",89
"1340","2012-08-16 16:00:00",184
"1341","2012-08-16 23:00:00",71
"1342","2012-08-17 02:00:00",10
"1343","2012-08-17 03:00:00",5
"1344","2012-08-17 06:00:00",34
"1345","2012-08-17 07:00:00",67
"1346","2012-08-17 09:00:00",130
"1347","2012-08-17 18:00:00",241
"1348","2012-08-18 03:00:00",10
"1349","2012-08-18 04:00:00",9
"1350","2012-08-18 08:00:00",33
"1351","2012-08-18 09:00:00",87
"1352","2012-08-18 17:00:00",306
"1353","2012-08-19 02:00:00",28
"1354","2012-08-19 03:00:00",32
"1355","2012-08-19 15:00:00",119
"1356","2012-08-19 18:00:00",126
"1357","2012-08-19 22:00:00",23
"1358","2012-09-01 06:00:00",22
"1359","2012-09-01 23:00:00",67
"1360","2012-09-02 06:00:00",10
"1361","2012-09-02 20:00:00",92
"1362","2012-09-02 23:00:00",75
"1363","2012-09-03 00:00:00",53
"1364","2012-09-03 14:00:00",240
"1365","2012-09-03 20:00:00",131
"1366","2012-09-04 06:00:00",18
"1367","2012-09-04 07:00:00",32
"1368","2012-09-04 08:00:00",28
"1369","2012-09-04 19:00:00",180
"1370","2012-09-04 22:00:00",47
"1371","2012-09-05 06:00:00",30
"1372","2012-09-05 08:00:00",104
"1373","2012-09-05 12:00:00",111
"1374","2012-09-05 17:00:00",356
"1375","2012-09-05 21:00:00",63
"1376","2012-09-06 02:00:00",4
"1377","2012-09-06 04:00:00",5
"1378","2012-09-06 12:00:00",34
"1379","2012-09-06 14:00:00",59
"1380","2012-09-06 18:00:00",127
"1381","2012-09-06 20:00:00",77
"1382","2012-09-08 06:00:00",15
"1383","2012-09-08 17:00:00",57
"1384","2012-09-08 18:00:00",37
"1385","2012-09-08 22:00:00",25
"1386","2012-09-09 00:00:00",37
"1387","2012-09-09 06:00:00",19
"1388","2012-09-09 09:00:00",108
"1389","2012-09-09 19:00:00",318
"1390","2012-09-09 20:00:00",176
"1391","2012-09-10 04:00:00",6
"1392","2012-09-10 07:00:00",73
"1393","2012-09-10 11:00:00",99
"1394","2012-09-10 13:00:00",134
"1395","2012-09-10 14:00:00",150
"1396","2012-09-10 16:00:00",154
"1397","2012-09-10 19:00:00",213
"1398","2012-09-11 00:00:00",18
"1399","2012-09-11 04:00:00",4
"1400","2012-09-11 10:00:00",68
"1401","2012-09-11 15:00:00",105
"1402","2012-09-11 18:00:00",209
"1403","2012-09-11 19:00:00",117
"1404","2012-09-11 20:00:00",62
"1405","2012-09-11 21:00:00",64
"1406","2012-09-12 15:00:00",104
"1407","2012-09-12 17:00:00",213
"1408","2012-09-12 18:00:00",192
"1409","2012-09-12 21:00:00",64
"1410","2012-09-13 11:00:00",87
"1411","2012-09-14 03:00:00",10
"1412","2012-09-14 06:00:00",14
"1413","2012-09-14 22:00:00",46
"1414","2012-09-15 04:00:00",6
"1415","2012-09-15 12:00:00",382
"1416","2012-09-15 16:00:00",497
"1417","2012-09-16 06:00:00",17
"1418","2012-09-16 13:00:00",347
"1419","2012-09-16 22:00:00",42
"1420","2012-09-17 08:00:00",94
"1421","2012-09-17 14:00:00",196
"1422","2012-09-18 03:00:00",1
"1423","2012-09-18 06:00:00",21
"1424","2012-09-18 10:00:00",55
"1425","2012-09-18 11:00:00",65
"1426","2012-09-18 13:00:00",41
"1427","2012-10-01 02:00:00",7
"1428","2012-10-01 15:00:00",158
"1429","2012-10-01 17:00:00",334
"1430","2012-10-02 10:00:00",106
"1431","2012-10-02 11:00:00",114
"1432","2012-10-02 15:00:00",88
"1433","2012-10-03 03:00:00",5
"1434","2012-10-03 13:00:00",114
"1435","2012-10-03 14:00:00",123
"1436","2012-10-03 21:00:00",43
"1437","2012-10-03 22:00:00",30
"1438","2012-10-04 03:00:00",9
"1439","2012-10-04 06:00:00",26
"1440","2012-10-04 09:00:00",111
"1441","2012-10-04 13:00:00",142
"1442","2012-10-04 14:00:00",116
"1443","2012-10-05 06:00:00",10
"1444","2012-10-05 21:00:00",92
"1445","2012-10-05 22:00:00",102
"1446","2012-10-06 03:00:00",7
"1447","2012-10-06 06:00:00",8
"1448","2012-10-06 08:00:00",30
"1449","2012-10-06 19:00:00",144
"1450","2012-10-07 04:00:00",7
"1451","2012-10-07 05:00:00",7
"1452","2012-10-07 06:00:00",9
"1453","2012-10-07 13:00:00",172
"1454","2012-10-07 18:00:00",102
"1455","2012-10-09 11:00:00",104
"1456","2012-10-09 13:00:00",90
"1457","2012-10-09 18:00:00",163
"1458","2012-10-10 06:00:00",17
"1459","2012-10-10 12:00:00",171
"1460","2012-10-10 13:00:00",98
"1461","2012-10-10 14:00:00",104
"1462","2012-10-10 17:00:00",245
"1463","2012-10-10 18:00:00",111
"1464","2012-10-11 21:00:00",91
"1465","2012-10-12 01:00:00",18
"1466","2012-10-12 05:00:00",11
"1467","2012-10-12 09:00:00",87
"1468","2012-10-12 20:00:00",56
"1469","2012-10-12 21:00:00",68
"1470","2012-10-13 15:00:00",322
"1471","2012-10-13 20:00:00",144
"1472","2012-10-13 23:00:00",51
"1473","2012-10-14 00:00:00",21
"1474","2012-10-14 12:00:00",222
"1475","2012-10-14 13:00:00",260
"1476","2012-10-14 21:00:00",52
"1477","2012-10-15 03:00:00",6
"1478","2012-10-15 11:00:00",184
"1479","2012-10-15 13:00:00",130
"1480","2012-10-15 18:00:00",140
"1481","2012-10-15 20:00:00",109
"1482","2012-10-16 06:00:00",22
"1483","2012-10-16 09:00:00",100
"1484","2012-10-16 12:00:00",161
"1485","2012-10-17 07:00:00",108
"1486","2012-10-17 09:00:00",52
"1487","2012-10-17 11:00:00",99
"1488","2012-10-17 18:00:00",177
"1489","2012-10-17 19:00:00",168
"1490","2012-10-18 04:00:00",3
"1491","2012-10-18 06:00:00",15
"1492","2012-10-18 09:00:00",55
"1493","2012-10-18 19:00:00",127
"1494","2012-10-19 02:00:00",4
"1495","2012-10-19 03:00:00",5
"1496","2012-10-19 12:00:00",132
"1497","2012-10-19 19:00:00",31
"1498","2012-11-01 02:00:00",13
"1499","2012-11-01 15:00:00",116
"1500","2012-11-02 13:00:00",136
"1501","2012-11-02 21:00:00",90
"1502","2012-11-02 22:00:00",95
"1503","2012-11-03 07:00:00",57
"1504","2012-11-03 10:00:00",209
"1505","2012-11-03 12:00:00",146
"1506","2012-11-03 23:00:00",67
"1507","2012-11-05 05:00:00",13
"1508","2012-11-05 11:00:00",105
"1509","2012-11-05 19:00:00",59
"1510","2012-11-06 08:00:00",71
"1511","2012-11-06 09:00:00",90
"1512","2012-11-06 12:00:00",105
"1513","2012-11-06 13:00:00",120
"1514","2012-11-06 20:00:00",68
"1515","2012-11-07 01:00:00",13
"1516","2012-11-07 02:00:00",10
"1517","2012-11-07 06:00:00",23
"1518","2012-11-07 10:00:00",93
"1519","2012-11-07 17:00:00",228
"1520","2012-11-07 21:00:00",73
"1521","2012-11-08 02:00:00",7
"1522","2012-11-08 09:00:00",102
"1523","2012-11-08 10:00:00",74
"1524","2012-11-08 22:00:00",63
"1525","2012-11-09 00:00:00",32
"1526","2012-11-09 03:00:00",8
"1527","2012-11-09 05:00:00",16
"1528","2012-11-09 11:00:00",116
"1529","2012-11-09 20:00:00",59
"1530","2012-11-09 22:00:00",47
"1531","2012-11-11 07:00:00",43
"1532","2012-11-12 01:00:00",19
"1533","2012-11-12 02:00:00",13
"1534","2012-11-12 08:00:00",208
"1535","2012-11-12 22:00:00",88
"1536","2012-11-13 06:00:00",16
"1537","2012-11-13 17:00:00",379
"1538","2012-11-13 19:00:00",275
"1539","2012-11-14 06:00:00",19
"1540","2012-11-14 13:00:00",55
"1541","2012-11-14 14:00:00",64
"1542","2012-11-15 05:00:00",16
"1543","2012-11-15 10:00:00",29
"1544","2012-11-15 20:00:00",94
"1545","2012-11-15 21:00:00",48
"1546","2012-11-16 08:00:00",150
"1547","2012-11-16 12:00:00",108
"1548","2012-11-16 16:00:00",120
"1549","2012-11-16 18:00:00",87
"1550","2012-11-17 14:00:00",327
"1551","2012-11-17 15:00:00",222
"1552","2012-11-17 22:00:00",88
"1553","2012-11-18 09:00:00",123
"1554","2012-11-18 13:00:00",210
"1555","2012-11-18 18:00:00",146
"1556","2012-11-19 22:00:00",22
"1557","2012-12-01 02:00:00",33
"1558","2012-12-01 05:00:00",7
"1559","2012-12-01 15:00:00",181
"1560","2012-12-01 20:00:00",95
"1561","2012-12-01 22:00:00",45
"1562","2012-12-02 19:00:00",105
"1563","2012-12-03 00:00:00",17
"1564","2012-12-03 09:00:00",157
"1565","2012-12-04 07:00:00",127
"1566","2012-12-04 08:00:00",118
"1567","2012-12-04 13:00:00",105
"1568","2012-12-05 00:00:00",23
"1569","2012-12-05 11:00:00",59
"1570","2012-12-05 20:00:00",122
"1571","2012-12-06 01:00:00",10
"1572","2012-12-06 08:00:00",205
"1573","2012-12-07 10:00:00",50
"1574","2012-12-07 14:00:00",120
"1575","2012-12-07 22:00:00",76
"1576","2012-12-08 02:00:00",16
"1577","2012-12-08 03:00:00",14
"1578","2012-12-08 08:00:00",102
"1579","2012-12-08 15:00:00",271
"1580","2012-12-09 11:00:00",157
"1581","2012-12-09 18:00:00",91
"1582","2012-12-10 00:00:00",11
"1583","2012-12-10 08:00:00",223
"1584","2012-12-10 17:00:00",190
"1585","2012-12-11 11:00:00",92
"1586","2012-12-11 12:00:00",77
"1587","2012-12-11 15:00:00",135
"1588","2012-12-12 00:00:00",20
"1589","2012-12-12 06:00:00",17
"1590","2012-12-12 16:00:00",63
"1591","2012-12-12 22:00:00",59
"1592","2012-12-13 00:00:00",18
"1593","2012-12-13 07:00:00",144
"1594","2012-12-13 15:00:00",102
"1595","2012-12-13 21:00:00",53
"1596","2012-12-14 04:00:00",3
"1597","2012-12-14 09:00:00",31
"1598","2012-12-14 11:00:00",96
"1599","2012-12-14 17:00:00",185
"1600","2012-12-14 18:00:00",145
"1601","2012-12-14 22:00:00",14
"1602","2012-12-15 08:00:00",54
"1603","2012-12-15 15:00:00",188
"1604","2012-12-16 02:00:00",37
"1605","2012-12-16 05:00:00",6
"1606","2012-12-16 07:00:00",48
"1607","2012-12-16 13:00:00",275
"1608","2012-12-16 18:00:00",100
"1609","2012-12-17 10:00:00",117
"1610","2012-12-17 19:00:00",117
"1611","2012-12-18 02:00:00",5
"1612","2012-12-18 10:00:00",58
"1613","2012-12-18 13:00:00",133
"1614","2012-12-18 14:00:00",156
"1615","2012-12-18 16:00:00",147
"1616","2012-12-18 18:00:00",318
"1617","2012-12-19 22:00:00",17
"1618","2011-01-20 05:00:00",1
"1619","2011-01-20 06:00:00",4
"1620","2011-01-20 18:00:00",9
"1621","2011-01-21 09:00:00",32
"1622","2011-01-21 13:00:00",7
"1623","2011-01-21 22:00:00",3
"1624","2011-01-22 00:00:00",1
"1625","2011-01-22 15:00:00",2
"1626","2011-01-23 11:00:00",15
"1627","2011-01-23 13:00:00",11
"1628","2011-01-23 16:00:00",5
"1629","2011-01-23 21:00:00",5
"1630","2011-01-24 10:00:00",8
"1631","2011-01-24 11:00:00",16
"1632","2011-01-24 14:00:00",9
"1633","2011-01-24 19:00:00",14
"1634","2011-01-25 04:00:00",1
"1635","2011-01-25 10:00:00",9
"1636","2011-01-25 13:00:00",18
"1637","2011-01-25 16:00:00",21
"1638","2011-01-26 11:00:00",1
"1639","2011-01-26 15:00:00",2
"1640","2011-01-27 21:00:00",7
"1641","2011-01-27 22:00:00",5
"1642","2011-01-28 11:00:00",4
"1643","2011-01-28 13:00:00",2
"1644","2011-01-28 18:00:00",10
"1645","2011-01-28 21:00:00",19
"1646","2011-01-29 11:00:00",3
"1647","2011-01-29 21:00:00",4
"1648","2011-01-29 23:00:00",4
"1649","2011-01-30 08:00:00",2
"1650","2011-01-30 12:00:00",5
"1651","2011-01-30 14:00:00",7
"1652","2011-01-30 23:00:00",3
"1653","2011-01-31 00:00:00",2
"1654","2011-01-31 03:00:00",0
"1655","2011-01-31 23:00:00",4
"1656","2011-02-20 06:00:00",2
"1657","2011-02-20 09:00:00",14
"1658","2011-02-20 11:00:00",4
"1659","2011-02-20 15:00:00",3
"1660","2011-02-20 18:00:00",5
"1661","2011-02-20 23:00:00",4
"1662","2011-02-21 05:00:00",2
"1663","2011-02-21 10:00:00",3
"1664","2011-02-22 13:00:00",32
"1665","2011-02-22 16:00:00",24
"1666","2011-02-23 07:00:00",27
"1667","2011-02-23 10:00:00",23
"1668","2011-02-23 11:00:00",25
"1669","2011-02-24 08:00:00",15
"1670","2011-02-24 17:00:00",29
"1671","2011-02-24 22:00:00",4
"1672","2011-02-26 11:00:00",7
"1673","2011-02-26 20:00:00",6
"1674","2011-02-27 01:00:00",3
"1675","2011-02-27 02:00:00",5
"1676","2011-02-27 06:00:00",2
"1677","2011-02-27 09:00:00",4
"1678","2011-02-27 13:00:00",10
"1679","2011-02-27 21:00:00",5
"1680","2011-02-28 00:00:00",5
"1681","2011-03-20 02:00:00",4
"1682","2011-03-20 03:00:00",2
"1683","2011-03-20 08:00:00",4
"1684","2011-03-20 09:00:00",10
"1685","2011-03-20 12:00:00",8
"1686","2011-03-21 00:00:00",1
"1687","2011-03-21 09:00:00",2
"1688","2011-03-21 10:00:00",4
"1689","2011-03-21 12:00:00",8
"1690","2011-03-21 15:00:00",3
"1691","2011-03-22 07:00:00",13
"1692","2011-03-22 09:00:00",7
"1693","2011-03-23 15:00:00",8
"1694","2011-03-24 03:00:00",0
"1695","2011-03-24 04:00:00",0
"1696","2011-03-24 08:00:00",0
"1697","2011-03-24 15:00:00",0
"1698","2011-03-24 21:00:00",1
"1699","2011-03-24 22:00:00",1
"1700","2011-03-25 17:00:00",8
"1701","2011-03-25 18:00:00",5
"1702","2011-03-25 22:00:00",1
"1703","2011-03-26 10:00:00",0
"1704","2011-03-26 15:00:00",2
"1705","2011-03-26 23:00:00",1
"1706","2011-03-27 00:00:00",2
"1707","2011-03-27 07:00:00",1
"1708","2011-03-27 11:00:00",1
"1709","2011-03-27 18:00:00",1
"1710","2011-03-28 10:00:00",0
"1711","2011-03-28 14:00:00",1
"1712","2011-03-29 13:00:00",1
"1713","2011-03-29 22:00:00",3
"1714","2011-03-30 00:00:00",3
"1715","2011-03-30 05:00:00",1
"1716","2011-03-30 07:00:00",4
"1717","2011-03-30 17:00:00",5
"1718","2011-03-30 23:00:00",0
"1719","2011-03-31 01:00:00",0
"1720","2011-03-31 05:00:00",0
"1721","2011-03-31 15:00:00",0
"1722","2011-03-31 17:00:00",0
"1723","2011-03-31 21:00:00",1
"1724","2011-04-20 01:00:00",1
"1725","2011-04-20 07:00:00",24
"1726","2011-04-20 11:00:00",9
"1727","2011-04-20 12:00:00",10
"1728","2011-04-20 13:00:00",8
"1729","2011-04-20 20:00:00",113
"1730","2011-04-20 21:00:00",58
"1731","2011-04-21 06:00:00",8
"1732","2011-04-21 07:00:00",20
"1733","2011-04-21 17:00:00",125
"1734","2011-04-21 18:00:00",128
"1735","2011-04-21 19:00:00",89
"1736","2011-04-21 20:00:00",52
"1737","2011-04-22 11:00:00",11
"1738","2011-04-22 13:00:00",9
"1739","2011-04-22 16:00:00",17
"1740","2011-04-22 18:00:00",11
"1741","2011-04-23 00:00:00",3
"1742","2011-04-23 18:00:00",17
"1743","2011-04-23 22:00:00",9
"1744","2011-04-24 09:00:00",24
"1745","2011-04-24 15:00:00",19
"1746","2011-04-25 11:00:00",8
"1747","2011-04-25 13:00:00",8
"1748","2011-04-25 20:00:00",17
"1749","2011-04-27 00:00:00",1
"1750","2011-04-27 05:00:00",3
"1751","2011-04-27 10:00:00",2
"1752","2011-04-27 13:00:00",5
"1753","2011-04-27 22:00:00",2
"1754","2011-04-28 02:00:00",0
"1755","2011-04-28 03:00:00",1
"1756","2011-04-28 07:00:00",10
"1757","2011-04-28 11:00:00",3
"1758","2011-04-28 16:00:00",19
"1759","2011-04-28 22:00:00",32
"1760","2011-04-29 00:00:00",14
"1761","2011-04-29 06:00:00",13
"1762","2011-04-29 20:00:00",50
"1763","2011-04-30 01:00:00",8
"1764","2011-04-30 05:00:00",2
"1765","2011-04-30 16:00:00",141
"1766","2011-04-30 19:00:00",35
"1767","2011-05-21 04:00:00",1
"1768","2011-05-21 10:00:00",23
"1769","2011-05-21 13:00:00",33
"1770","2011-05-21 16:00:00",57
"1771","2011-05-21 19:00:00",39
"1772","2011-05-21 20:00:00",16
"1773","2011-05-21 21:00:00",25
"1774","2011-05-21 22:00:00",10
"1775","2011-05-22 03:00:00",1
"1776","2011-05-22 07:00:00",22
"1777","2011-05-22 23:00:00",3
"1778","2011-05-23 03:00:00",0
"1779","2011-05-23 15:00:00",8
"1780","2011-05-25 07:00:00",27
"1781","2011-05-25 11:00:00",13
"1782","2011-05-25 21:00:00",10
"1783","2011-05-26 03:00:00",0
"1784","2011-05-26 20:00:00",25
"1785","2011-05-27 02:00:00",5
"1786","2011-05-27 10:00:00",11
"1787","2011-05-27 13:00:00",23
"1788","2011-05-27 14:00:00",11
"1789","2011-05-27 18:00:00",12
"1790","2011-05-27 22:00:00",20
"1791","2011-05-28 09:00:00",8
"1792","2011-05-28 12:00:00",13
"1793","2011-05-28 13:00:00",16
"1794","2011-05-29 02:00:00",6
"1795","2011-05-29 06:00:00",4
"1796","2011-05-29 10:00:00",6
"1797","2011-05-29 15:00:00",8
"1798","2011-05-30 02:00:00",0
"1799","2011-05-30 08:00:00",12
"1800","2011-05-30 13:00:00",6
"1801","2011-05-30 15:00:00",3
"1802","2011-05-30 21:00:00",6
"1803","2011-05-31 00:00:00",5
"1804","2011-05-31 02:00:00",0
"1805","2011-05-31 20:00:00",22
"1806","2011-06-20 00:00:00",3
"1807","2011-06-20 19:00:00",9
"1808","2011-06-21 02:00:00",0
"1809","2011-06-21 04:00:00",0
"1810","2011-06-21 13:00:00",1
"1811","2011-06-21 15:00:00",1
"1812","2011-06-21 23:00:00",2
"1813","2011-06-22 10:00:00",2
"1814","2011-06-22 14:00:00",2
"1815","2011-06-23 00:00:00",2
"1816","2011-06-23 04:00:00",1
"1817","2011-06-23 06:00:00",5
"1818","2011-06-23 20:00:00",3
"1819","2011-06-24 06:00:00",8
"1820","2011-06-24 09:00:00",4
"1821","2011-06-24 17:00:00",8
"1822","2011-06-24 21:00:00",3
"1823","2011-06-25 00:00:00",9
"1824","2011-06-25 09:00:00",2
"1825","2011-06-25 13:00:00",3
"1826","2011-06-25 19:00:00",4
"1827","2011-06-26 02:00:00",10
"1828","2011-06-26 11:00:00",1
"1829","2011-06-26 19:00:00",4
"1830","2011-06-27 10:00:00",3
"1831","2011-06-27 13:00:00",4
"1832","2011-06-28 00:00:00",2
"1833","2011-06-29 02:00:00",0
"1834","2011-06-29 06:00:00",3
"1835","2011-06-29 10:00:00",1
"1836","2011-06-29 13:00:00",1
"1837","2011-06-30 10:00:00",2
"1838","2011-07-20 01:00:00",3
"1839","2011-07-20 03:00:00",1
"1840","2011-07-20 07:00:00",62
"1841","2011-07-21 10:00:00",1
"1842","2011-07-21 12:00:00",1
"1843","2011-07-21 17:00:00",2
"1844","2011-07-21 19:00:00",2
"1845","2011-07-22 07:00:00",5
"1846","2011-07-22 10:00:00",0
"1847","2011-07-22 20:00:00",5
"1848","2011-07-23 04:00:00",0
"1849","2011-07-23 06:00:00",2
"1850","2011-07-23 11:00:00",2
"1851","2011-07-23 19:00:00",11
"1852","2011-07-23 20:00:00",5
"1853","2011-07-23 23:00:00",2
"1854","2011-07-24 03:00:00",0
"1855","2011-07-24 13:00:00",17
"1856","2011-07-25 17:00:00",9
"1857","2011-07-26 20:00:00",101
"1858","2011-07-27 11:00:00",8
"1859","2011-07-27 15:00:00",15
"1860","2011-07-27 22:00:00",11
"1861","2011-07-28 02:00:00",2
"1862","2011-07-28 22:00:00",27
"1863","2011-07-29 20:00:00",9
"1864","2011-07-29 23:00:00",13
"1865","2011-07-30 02:00:00",2
"1866","2011-07-30 07:00:00",14
"1867","2011-07-30 13:00:00",14
"1868","2011-07-30 22:00:00",17
"1869","2011-07-31 02:00:00",2
"1870","2011-07-31 07:00:00",18
"1871","2011-07-31 08:00:00",22
"1872","2011-07-31 21:00:00",24
"1873","2011-07-31 22:00:00",38
"1874","2011-08-20 01:00:00",13
"1875","2011-08-20 03:00:00",7
"1876","2011-08-20 05:00:00",4
"1877","2011-08-20 21:00:00",72
"1878","2011-08-20 22:00:00",40
"1879","2011-08-20 23:00:00",28
"1880","2011-08-21 04:00:00",2
"1881","2011-08-21 10:00:00",44
"1882","2011-08-22 01:00:00",5
"1883","2011-08-22 23:00:00",8
"1884","2011-08-23 04:00:00",1
"1885","2011-08-23 18:00:00",8
"1886","2011-08-23 21:00:00",13
"1887","2011-08-24 01:00:00",5
"1888","2011-08-24 11:00:00",18
"1889","2011-08-24 12:00:00",26
"1890","2011-08-24 14:00:00",10
"1891","2011-08-24 20:00:00",44
"1892","2011-08-24 23:00:00",20
"1893","2011-08-25 19:00:00",32
"1894","2011-08-25 21:00:00",25
"1895","2011-08-26 06:00:00",25
"1896","2011-08-26 20:00:00",19
"1897","2011-08-27 02:00:00",7
"1898","2011-08-27 07:00:00",10
"1899","2011-08-27 12:00:00",10
"1900","2011-08-28 09:00:00",15
"1901","2011-08-28 17:00:00",29
"1902","2011-08-28 22:00:00",28
"1903","2011-08-29 09:00:00",8
"1904","2011-08-29 12:00:00",10
"1905","2011-08-30 03:00:00",1
"1906","2011-08-30 12:00:00",3
"1907","2011-08-31 00:00:00",7
"1908","2011-08-31 01:00:00",4
"1909","2011-08-31 07:00:00",11
"1910","2011-08-31 22:00:00",8
"1911","2011-09-20 04:00:00",1
"1912","2011-09-20 10:00:00",7
"1913","2011-09-20 19:00:00",13
"1914","2011-09-21 22:00:00",7
"1915","2011-09-22 00:00:00",4
"1916","2011-09-23 01:00:00",1
"1917","2011-09-23 05:00:00",1
"1918","2011-09-23 22:00:00",2
"1919","2011-09-24 00:00:00",4
"1920","2011-09-24 08:00:00",1
"1921","2011-09-24 10:00:00",0
"1922","2011-09-25 00:00:00",3
"1923","2011-09-25 18:00:00",5
"1924","2011-09-26 00:00:00",0
"1925","2011-09-26 04:00:00",0
"1926","2011-09-26 09:00:00",1
"1927","2011-09-26 10:00:00",1
"1928","2011-09-26 22:00:00",1
"1929","2011-09-27 01:00:00",1
"1930","2011-09-27 06:00:00",1
"1931","2011-09-27 08:00:00",3
"1932","2011-09-27 10:00:00",2
"1933","2011-09-27 15:00:00",1
"1934","2011-09-27 16:00:00",3
"1935","2011-09-27 17:00:00",12
"1936","2011-09-27 18:00:00",13
"1937","2011-09-28 00:00:00",3
"1938","2011-09-28 03:00:00",0
"1939","2011-09-28 09:00:00",3
"1940","2011-09-28 13:00:00",3
"1941","2011-09-28 17:00:00",5
"1942","2011-09-28 19:00:00",3
"1943","2011-09-29 02:00:00",0
"1944","2011-09-29 04:00:00",0
"1945","2011-09-29 15:00:00",12
"1946","2011-09-29 16:00:00",18
"1947","2011-09-29 17:00:00",12
"1948","2011-09-29 21:00:00",13
"1949","2011-09-29 22:00:00",20
"1950","2011-09-30 11:00:00",7
"1951","2011-09-30 13:00:00",9
"1952","2011-09-30 21:00:00",7
"1953","2011-10-20 14:00:00",6
"1954","2011-10-20 15:00:00",12
"1955","2011-10-20 19:00:00",23
"1956","2011-10-20 22:00:00",15
"1957","2011-10-21 05:00:00",5
"1958","2011-10-21 10:00:00",11
"1959","2011-10-21 14:00:00",13
"1960","2011-10-21 20:00:00",4
"1961","2011-10-21 23:00:00",14
"1962","2011-10-22 03:00:00",7
"1963","2011-10-22 09:00:00",10
"1964","2011-10-23 04:00:00",1
"1965","2011-10-23 07:00:00",21
"1966","2011-10-23 08:00:00",27
"1967","2011-10-23 12:00:00",5
"1968","2011-10-23 14:00:00",10
"1969","2011-10-23 15:00:00",25
"1970","2011-10-23 19:00:00",40
"1971","2011-10-24 21:00:00",32
"1972","2011-10-25 01:00:00",3
"1973","2011-10-25 13:00:00",16
"1974","2011-10-25 14:00:00",32
"1975","2011-10-25 18:00:00",49
"1976","2011-10-25 22:00:00",26
"1977","2011-10-25 23:00:00",17
"1978","2011-10-26 13:00:00",32
"1979","2011-10-27 09:00:00",13
"1980","2011-10-27 10:00:00",13
"1981","2011-10-28 04:00:00",1
"1982","2011-10-28 08:00:00",83
"1983","2011-10-28 09:00:00",32
"1984","2011-10-28 13:00:00",16
"1985","2011-10-28 19:00:00",13
"1986","2011-10-29 12:00:00",1
"1987","2011-10-29 15:00:00",1
"1988","2011-10-30 00:00:00",4
"1989","2011-10-30 02:00:00",2
"1990","2011-10-31 08:00:00",88
"1991","2011-10-31 13:00:00",16
"1992","2011-10-31 14:00:00",17
"1993","2011-10-31 18:00:00",32
"1994","2011-10-31 20:00:00",16
"1995","2011-10-31 23:00:00",4
"1996","2011-11-20 06:00:00",4
"1997","2011-11-20 15:00:00",10
"1998","2011-11-20 23:00:00",8
"1999","2011-11-21 01:00:00",2
"2000","2011-11-21 06:00:00",6
"2001","2011-11-21 17:00:00",7
"2002","2011-11-21 21:00:00",4
"2003","2011-11-22 02:00:00",1
"2004","2011-11-22 03:00:00",1
"2005","2011-11-22 16:00:00",4
"2006","2011-11-23 00:00:00",8
"2007","2011-11-23 03:00:00",1
"2008","2011-11-23 04:00:00",2
"2009","2011-11-23 05:00:00",4
"2010","2011-11-23 06:00:00",15
"2011","2011-11-24 06:00:00",8
"2012","2011-11-24 07:00:00",5
"2013","2011-11-24 16:00:00",2
"2014","2011-11-24 17:00:00",7
"2015","2011-11-24 20:00:00",9
"2016","2011-11-25 02:00:00",2
"2017","2011-11-25 07:00:00",69
"2018","2011-11-25 17:00:00",68
"2019","2011-11-26 16:00:00",8
"2020","2011-11-26 19:00:00",20
"2021","2011-11-26 21:00:00",14
"2022","2011-11-28 04:00:00",1
"2023","2011-11-28 10:00:00",7
"2024","2011-11-28 12:00:00",22
"2025","2011-11-28 16:00:00",13
"2026","2011-11-28 17:00:00",111
"2027","2011-11-28 18:00:00",99
"2028","2011-11-28 22:00:00",11
"2029","2011-11-28 23:00:00",8
"2030","2011-11-29 00:00:00",8
"2031","2011-11-29 04:00:00",2
"2032","2011-11-29 23:00:00",9
"2033","2011-11-30 03:00:00",0
"2034","2011-11-30 07:00:00",36
"2035","2011-12-20 01:00:00",3
"2036","2011-12-20 14:00:00",9
"2037","2011-12-21 04:00:00",0
"2038","2011-12-21 06:00:00",10
"2039","2011-12-21 07:00:00",5
"2040","2011-12-21 14:00:00",1
"2041","2011-12-21 16:00:00",1
"2042","2011-12-22 03:00:00",1
"2043","2011-12-22 06:00:00",11
"2044","2011-12-22 13:00:00",2
"2045","2011-12-22 21:00:00",5
"2046","2011-12-23 03:00:00",0
"2047","2011-12-23 16:00:00",5
"2048","2011-12-23 17:00:00",5
"2049","2011-12-24 02:00:00",3
"2050","2011-12-24 09:00:00",5
"2051","2011-12-27 22:00:00",2
"2052","2011-12-28 02:00:00",0
"2053","2011-12-28 11:00:00",5
"2054","2011-12-28 13:00:00",4
"2055","2011-12-28 23:00:00",4
"2056","2011-12-29 11:00:00",2
"2057","2011-12-30 06:00:00",8
"2058","2011-12-31 00:00:00",3
"2059","2011-12-31 03:00:00",1
"2060","2012-01-20 07:00:00",72
"2061","2012-01-20 20:00:00",6
"2062","2012-01-21 07:00:00",7
"2063","2012-01-21 08:00:00",2
"2064","2012-01-21 14:00:00",6
"2065","2012-01-21 15:00:00",5
"2066","2012-01-21 16:00:00",3
"2067","2012-01-21 20:00:00",3
"2068","2012-01-21 22:00:00",1
"2069","2012-01-22 05:00:00",1
"2070","2012-01-22 11:00:00",2
"2071","2012-01-22 17:00:00",3
"2072","2012-01-22 18:00:00",4
"2073","2012-01-22 21:00:00",4
"2074","2012-01-23 12:00:00",8
"2075","2012-01-23 15:00:00",3
"2076","2012-01-24 06:00:00",5
"2077","2012-01-24 17:00:00",7
"2078","2012-01-24 20:00:00",9
"2079","2012-01-25 00:00:00",8
"2080","2012-01-25 07:00:00",26
"2081","2012-01-25 10:00:00",10
"2082","2012-01-25 17:00:00",23
"2083","2012-01-26 02:00:00",1
"2084","2012-01-26 04:00:00",2
"2085","2012-01-26 09:00:00",23
"2086","2012-01-26 14:00:00",10
"2087","2012-01-26 20:00:00",38
"2088","2012-01-26 22:00:00",28
"2089","2012-01-26 23:00:00",11
"2090","2012-01-27 16:00:00",10
"2091","2012-01-27 20:00:00",16
"2092","2012-01-27 22:00:00",23
"2093","2012-01-28 09:00:00",38
"2094","2012-01-28 23:00:00",13
"2095","2012-01-29 01:00:00",3
"2096","2012-01-29 03:00:00",1
"2097","2012-01-29 08:00:00",10
"2098","2012-01-29 13:00:00",4
"2099","2012-01-29 15:00:00",16
"2100","2012-01-29 23:00:00",10
"2101","2012-01-30 09:00:00",22
"2102","2012-01-30 14:00:00",21
"2103","2012-01-30 19:00:00",59
"2104","2012-01-30 20:00:00",74
"2105","2012-01-31 03:00:00",1
"2106","2012-01-31 04:00:00",0
"2107","2012-01-31 08:00:00",68
"2108","2012-02-20 01:00:00",1
"2109","2012-02-20 12:00:00",43
"2110","2012-02-20 22:00:00",4
"2111","2012-02-21 00:00:00",8
"2112","2012-02-21 08:00:00",58
"2113","2012-02-21 09:00:00",29
"2114","2012-02-21 22:00:00",10
"2115","2012-02-22 19:00:00",68
"2116","2012-02-23 01:00:00",5
"2117","2012-02-23 20:00:00",65
"2118","2012-02-24 03:00:00",1
"2119","2012-02-24 11:00:00",21
"2120","2012-02-26 16:00:00",27
"2121","2012-02-26 19:00:00",9
"2122","2012-02-27 11:00:00",34
"2123","2012-02-27 19:00:00",10
"2124","2012-02-28 01:00:00",4
"2125","2012-02-28 09:00:00",30
"2126","2012-02-28 13:00:00",11
"2127","2012-02-28 15:00:00",4
"2128","2012-02-28 16:00:00",8
"2129","2012-02-29 01:00:00",2
"2130","2012-02-29 08:00:00",61
"2131","2012-03-20 02:00:00",0
"2132","2012-03-20 17:00:00",10
"2133","2012-03-20 18:00:00",29
"2134","2012-03-21 11:00:00",2
"2135","2012-03-22 01:00:00",1
"2136","2012-03-22 02:00:00",2
"2137","2012-03-22 03:00:00",2
"2138","2012-03-22 04:00:00",1
"2139","2012-03-22 08:00:00",7
"2140","2012-03-22 10:00:00",2
"2141","2012-03-22 18:00:00",16
"2142","2012-03-22 22:00:00",4
"2143","2012-03-23 16:00:00",10
"2144","2012-03-23 21:00:00",36
"2145","2012-03-24 09:00:00",10
"2146","2012-03-25 00:00:00",7
"2147","2012-03-25 03:00:00",1
"2148","2012-03-25 05:00:00",1
"2149","2012-03-25 06:00:00",3
"2150","2012-03-25 07:00:00",2
"2151","2012-03-25 09:00:00",2
"2152","2012-03-25 14:00:00",3
"2153","2012-03-25 20:00:00",12
"2154","2012-03-26 08:00:00",51
"2155","2012-03-26 11:00:00",1
"2156","2012-03-27 08:00:00",9
"2157","2012-03-27 11:00:00",4
"2158","2012-03-27 21:00:00",2
"2159","2012-03-28 10:00:00",5
"2160","2012-03-28 11:00:00",7
"2161","2012-03-28 15:00:00",24
"2162","2012-03-28 20:00:00",15
"2163","2012-03-29 04:00:00",1
"2164","2012-03-29 07:00:00",8
"2165","2012-03-29 08:00:00",20
"2166","2012-03-29 18:00:00",44
"2167","2012-03-29 19:00:00",32
"2168","2012-03-29 22:00:00",6
"2169","2012-03-30 00:00:00",9
"2170","2012-03-30 01:00:00",4
"2171","2012-03-30 13:00:00",5
"2172","2012-03-30 19:00:00",3
"2173","2012-03-31 02:00:00",2
"2174","2012-03-31 11:00:00",7
"2175","2012-03-31 22:00:00",2
"2176","2012-04-20 11:00:00",25
"2177","2012-04-21 20:00:00",5
"2178","2012-04-22 02:00:00",7
"2179","2012-04-22 14:00:00",0
"2180","2012-04-22 20:00:00",1
"2181","2012-04-22 22:00:00",2
"2182","2012-04-23 11:00:00",6
"2183","2012-04-24 09:00:00",26
"2184","2012-04-24 18:00:00",16
"2185","2012-04-24 19:00:00",45
"2186","2012-04-25 05:00:00",9
"2187","2012-04-25 11:00:00",35
"2188","2012-04-25 17:00:00",23
"2189","2012-04-26 01:00:00",6
"2190","2012-04-26 18:00:00",27
"2191","2012-04-26 19:00:00",33
"2192","2012-04-26 20:00:00",56
"2193","2012-04-28 14:00:00",27
"2194","2012-04-28 19:00:00",8
"2195","2012-04-29 12:00:00",22
"2196","2012-04-29 16:00:00",130
"2197","2012-04-29 19:00:00",73
"2198","2012-04-29 20:00:00",34
"2199","2012-04-29 23:00:00",16
"2200","2012-04-30 03:00:00",2
"2201","2012-04-30 05:00:00",11
"2202","2012-04-30 07:00:00",50
"2203","2012-04-30 12:00:00",10
"2204","2012-04-30 16:00:00",43
"2205","2012-05-20 05:00:00",7
"2206","2012-05-20 17:00:00",27
"2207","2012-05-20 20:00:00",20
"2208","2012-05-21 02:00:00",1
"2209","2012-05-21 05:00:00",2
"2210","2012-05-21 07:00:00",31
"2211","2012-05-21 13:00:00",14
"2212","2012-05-21 19:00:00",28
"2213","2012-05-21 22:00:00",43
"2214","2012-05-22 07:00:00",48
"2215","2012-05-22 18:00:00",218
"2216","2012-05-22 19:00:00",127
"2217","2012-05-23 00:00:00",12
"2218","2012-05-23 01:00:00",3
"2219","2012-05-23 02:00:00",1
"2220","2012-05-23 06:00:00",45
"2221","2012-05-23 12:00:00",12
"2222","2012-05-23 17:00:00",17
"2223","2012-05-24 09:00:00",28
"2224","2012-05-24 11:00:00",36
"2225","2012-05-24 20:00:00",58
"2226","2012-05-24 21:00:00",23
"2227","2012-05-24 23:00:00",11
"2228","2012-05-25 06:00:00",14
"2229","2012-05-25 22:00:00",11
"2230","2012-05-26 06:00:00",2
"2231","2012-05-26 23:00:00",5
"2232","2012-05-27 09:00:00",8
"2233","2012-05-27 11:00:00",12
"2234","2012-05-28 08:00:00",22
"2235","2012-05-28 11:00:00",19
"2236","2012-05-28 15:00:00",5
"2237","2012-05-28 16:00:00",4
"2238","2012-05-28 20:00:00",8
"2239","2012-05-29 03:00:00",1
"2240","2012-05-29 05:00:00",7
"2241","2012-05-29 07:00:00",21
"2242","2012-05-29 08:00:00",21
"2243","2012-05-29 19:00:00",9
"2244","2012-05-29 21:00:00",32
"2245","2012-05-30 15:00:00",23
"2246","2012-05-30 17:00:00",33
"2247","2012-05-31 14:00:00",21
"2248","2012-05-31 18:00:00",85
"2249","2012-05-31 20:00:00",96
"2250","2012-06-20 00:00:00",5
"2251","2012-06-20 10:00:00",4
"2252","2012-06-20 16:00:00",5
"2253","2012-06-20 21:00:00",7
"2254","2012-06-21 00:00:00",6
"2255","2012-06-21 03:00:00",1
"2256","2012-06-21 18:00:00",9
"2257","2012-06-21 19:00:00",9
"2258","2012-06-22 04:00:00",1
"2259","2012-06-22 05:00:00",6
"2260","2012-06-22 10:00:00",5
"2261","2012-06-22 11:00:00",3
"2262","2012-06-22 12:00:00",2
"2263","2012-06-22 16:00:00",3
"2264","2012-06-22 17:00:00",31
"2265","2012-06-23 06:00:00",4
"2266","2012-06-23 07:00:00",3
"2267","2012-06-23 10:00:00",9
"2268","2012-06-23 17:00:00",3
"2269","2012-06-24 03:00:00",4
"2270","2012-06-25 05:00:00",6
"2271","2012-06-25 13:00:00",11
"2272","2012-06-25 20:00:00",6
"2273","2012-06-26 02:00:00",1
"2274","2012-06-26 06:00:00",14
"2275","2012-06-26 15:00:00",2
"2276","2012-06-26 18:00:00",3
"2277","2012-06-26 23:00:00",4
"2278","2012-06-27 13:00:00",1
"2279","2012-06-27 18:00:00",2
"2280","2012-06-28 06:00:00",10
"2281","2012-06-28 07:00:00",11
"2282","2012-06-28 13:00:00",2
"2283","2012-06-28 21:00:00",3
"2284","2012-06-28 22:00:00",4
"2285","2012-06-29 02:00:00",2
"2286","2012-06-29 04:00:00",2
"2287","2012-06-29 11:00:00",4
"2288","2012-06-29 17:00:00",1
"2289","2012-06-29 21:00:00",2
"2290","2012-06-30 03:00:00",1
"2291","2012-06-30 09:00:00",2
"2292","2012-06-30 10:00:00",1
"2293","2012-06-30 11:00:00",1
"2294","2012-06-30 17:00:00",4
"2295","2012-06-30 23:00:00",4
"2296","2012-07-20 00:00:00",8
"2297","2012-07-20 10:00:00",25
"2298","2012-07-21 01:00:00",7
"2299","2012-07-21 21:00:00",17
"2300","2012-07-23 05:00:00",7
"2301","2012-07-23 20:00:00",36
"2302","2012-07-24 18:00:00",30
"2303","2012-07-24 20:00:00",85
"2304","2012-07-25 18:00:00",23
"2305","2012-07-25 19:00:00",23
"2306","2012-07-26 17:00:00",4
"2307","2012-07-26 23:00:00",22
"2308","2012-07-27 09:00:00",37
"2309","2012-07-27 10:00:00",42
"2310","2012-07-27 12:00:00",31
"2311","2012-07-28 09:00:00",101
"2312","2012-07-28 10:00:00",90
"2313","2012-07-28 11:00:00",39
"2314","2012-07-29 03:00:00",7
"2315","2012-07-29 06:00:00",6
"2316","2012-07-29 18:00:00",9
"2317","2012-07-29 21:00:00",19
"2318","2012-07-30 10:00:00",39
"2319","2012-07-30 11:00:00",21
"2320","2012-07-30 19:00:00",32
"2321","2012-07-31 00:00:00",9
"2322","2012-07-31 05:00:00",5
"2323","2012-07-31 11:00:00",34
"2324","2012-08-20 10:00:00",27
"2325","2012-08-20 14:00:00",7
"2326","2012-08-20 16:00:00",11
"2327","2012-08-20 21:00:00",6
"2328","2012-08-21 03:00:00",1
"2329","2012-08-21 06:00:00",14
"2330","2012-08-21 10:00:00",23
"2331","2012-08-21 12:00:00",8
"2332","2012-08-22 03:00:00",1
"2333","2012-08-22 12:00:00",7
"2334","2012-08-22 13:00:00",6
"2335","2012-08-23 00:00:00",7
"2336","2012-08-24 00:00:00",6
"2337","2012-08-24 03:00:00",2
"2338","2012-08-24 04:00:00",3
"2339","2012-08-24 06:00:00",6
"2340","2012-08-24 08:00:00",5
"2341","2012-08-24 10:00:00",41
"2342","2012-08-24 13:00:00",98
"2343","2012-08-24 14:00:00",43
"2344","2012-08-25 10:00:00",9
"2345","2012-08-25 13:00:00",23
"2346","2012-08-25 19:00:00",15
"2347","2012-08-25 22:00:00",5
"2348","2012-08-25 23:00:00",6
"2349","2012-08-26 02:00:00",4
"2350","2012-08-26 15:00:00",6
"2351","2012-08-26 16:00:00",6
"2352","2012-08-26 19:00:00",7
"2353","2012-08-27 02:00:00",0
"2354","2012-08-27 10:00:00",38
"2355","2012-08-27 11:00:00",35
"2356","2012-08-27 14:00:00",19
"2357","2012-08-27 15:00:00",10
"2358","2012-08-27 23:00:00",5
"2359","2012-08-28 03:00:00",1
"2360","2012-08-28 05:00:00",5
"2361","2012-08-28 06:00:00",8
"2362","2012-08-28 19:00:00",56
"2363","2012-08-28 22:00:00",6
"2364","2012-08-29 01:00:00",3
"2365","2012-08-29 09:00:00",32
"2366","2012-08-29 21:00:00",19
"2367","2012-08-29 23:00:00",7
"2368","2012-08-30 14:00:00",6
"2369","2012-08-30 16:00:00",54
"2370","2012-08-30 17:00:00",172
"2371","2012-08-30 19:00:00",109
"2372","2012-08-31 00:00:00",11
"2373","2012-08-31 02:00:00",0
"2374","2012-08-31 06:00:00",6
"2375","2012-08-31 09:00:00",15
"2376","2012-08-31 16:00:00",26
"2377","2012-08-31 18:00:00",87
"2378","2012-08-31 19:00:00",48
"2379","2012-08-31 22:00:00",15
"2380","2012-08-31 23:00:00",12
"2381","2012-09-20 03:00:00",2
"2382","2012-09-21 00:00:00",9
"2383","2012-09-21 04:00:00",4
"2384","2012-09-21 08:00:00",45
"2385","2012-09-21 16:00:00",15
"2386","2012-09-21 20:00:00",14
"2387","2012-09-22 03:00:00",2
"2388","2012-09-22 06:00:00",4
"2389","2012-09-22 08:00:00",10
"2390","2012-09-22 13:00:00",26
"2391","2012-09-22 14:00:00",33
"2392","2012-09-22 22:00:00",25
"2393","2012-09-23 12:00:00",5
"2394","2012-09-23 16:00:00",13
"2395","2012-09-23 20:00:00",2
"2396","2012-09-23 22:00:00",3
"2397","2012-09-24 00:00:00",4
"2398","2012-09-24 08:00:00",15
"2399","2012-09-24 14:00:00",4
"2400","2012-09-24 18:00:00",18
"2401","2012-09-24 22:00:00",6
"2402","2012-09-25 04:00:00",0
"2403","2012-09-25 12:00:00",5
"2404","2012-09-25 13:00:00",3
"2405","2012-09-25 17:00:00",9
"2406","2012-09-25 23:00:00",1
"2407","2012-09-26 10:00:00",4
"2408","2012-09-26 16:00:00",6
"2409","2012-09-27 01:00:00",3
"2410","2012-09-27 07:00:00",3
"2411","2012-09-27 09:00:00",4
"2412","2012-09-27 11:00:00",7
"2413","2012-09-27 17:00:00",6
"2414","2012-09-28 00:00:00",8
"2415","2012-09-28 03:00:00",1
"2416","2012-09-28 20:00:00",3
"2417","2012-09-29 03:00:00",3
"2418","2012-09-30 13:00:00",1
"2419","2012-09-30 15:00:00",3
"2420","2012-09-30 16:00:00",10
"2421","2012-10-20 08:00:00",26
"2422","2012-10-20 13:00:00",21
"2423","2012-10-20 14:00:00",75
"2424","2012-10-20 15:00:00",66
"2425","2012-10-20 18:00:00",11
"2426","2012-10-21 12:00:00",22
"2427","2012-10-21 16:00:00",49
"2428","2012-10-22 01:00:00",3
"2429","2012-10-22 08:00:00",88
"2430","2012-10-22 21:00:00",28
"2431","2012-10-23 01:00:00",5
"2432","2012-10-23 05:00:00",8
"2433","2012-10-23 06:00:00",32
"2434","2012-10-23 19:00:00",20
"2435","2012-10-24 07:00:00",59
"2436","2012-10-24 08:00:00",69
"2437","2012-10-24 13:00:00",24
"2438","2012-10-24 15:00:00",27
"2439","2012-10-24 17:00:00",22
"2440","2012-10-24 20:00:00",24
"2441","2012-10-24 22:00:00",16
"2442","2012-10-24 23:00:00",22
"2443","2012-10-25 01:00:00",3
"2444","2012-10-25 03:00:00",1
"2445","2012-10-25 09:00:00",9
"2446","2012-10-25 10:00:00",8
"2447","2012-10-25 11:00:00",12
"2448","2012-10-25 16:00:00",42
"2449","2012-10-25 21:00:00",15
"2450","2012-10-26 02:00:00",1
"2451","2012-10-26 04:00:00",1
"2452","2012-10-26 21:00:00",28
"2453","2012-10-27 06:00:00",4
"2454","2012-10-27 23:00:00",10
"2455","2012-10-28 19:00:00",15
"2456","2012-10-30 13:00:00",1
"2457","2012-10-30 16:00:00",1
"2458","2012-10-31 00:00:00",5
"2459","2012-10-31 02:00:00",1
"2460","2012-10-31 12:00:00",54
"2461","2012-10-31 14:00:00",57
"2462","2012-10-31 15:00:00",77
"2463","2012-10-31 19:00:00",43
"2464","2012-11-20 05:00:00",9
"2465","2012-11-20 12:00:00",12
"2466","2012-11-20 17:00:00",68
"2467","2012-11-20 19:00:00",32
"2468","2012-11-20 23:00:00",14
"2469","2012-11-21 18:00:00",29
"2470","2012-11-21 19:00:00",92
"2471","2012-11-21 20:00:00",39
"2472","2012-11-23 04:00:00",4
"2473","2012-11-23 06:00:00",4
"2474","2012-11-23 07:00:00",8
"2475","2012-11-24 22:00:00",2
"2476","2012-11-25 00:00:00",4
"2477","2012-11-25 07:00:00",9
"2478","2012-11-25 10:00:00",4
"2479","2012-11-25 14:00:00",3
"2480","2012-11-26 00:00:00",2
"2481","2012-11-26 17:00:00",8
"2482","2012-11-26 19:00:00",37
"2483","2012-11-26 20:00:00",19
"2484","2012-11-26 21:00:00",14
"2485","2012-11-27 08:00:00",22
"2486","2012-11-27 10:00:00",19
"2487","2012-11-27 11:00:00",2
"2488","2012-11-27 12:00:00",3
"2489","2012-11-27 19:00:00",12
"2490","2012-11-27 20:00:00",4
"2491","2012-11-28 08:00:00",252
"2492","2012-11-28 11:00:00",49
"2493","2012-11-28 18:00:00",117
"2494","2012-11-29 09:00:00",19
"2495","2012-11-29 13:00:00",85
"2496","2012-11-29 19:00:00",193
"2497","2012-11-29 21:00:00",47
"2498","2012-11-30 00:00:00",21
"2499","2012-11-30 10:00:00",7
"2500","2012-11-30 17:00:00",189
"2501","2012-11-30 21:00:00",31
"2502","2012-11-30 23:00:00",24
"2503","2012-12-20 14:00:00",54
"2504","2012-12-21 05:00:00",2
"2505","2012-12-21 07:00:00",3
"2506","2012-12-21 09:00:00",1
"2507","2012-12-21 19:00:00",2
"2508","2012-12-21 21:00:00",0
"2509","2012-12-21 22:00:00",0
"2510","2012-12-22 17:00:00",0
"2511","2012-12-23 10:00:00",0
"2512","2012-12-23 14:00:00",1
"2513","2012-12-23 16:00:00",2
"2514","2012-12-23 21:00:00",0
"2515","2012-12-24 15:00:00",0
"2516","2012-12-25 00:00:00",0
"2517","2012-12-25 19:00:00",0
"2518","2012-12-26 02:00:00",0
"2519","2012-12-26 07:00:00",0
"2520","2012-12-26 16:00:00",0
"2521","2012-12-26 19:00:00",2
"2522","2012-12-27 04:00:00",0
"2523","2012-12-27 13:00:00",1
"2524","2012-12-27 22:00:00",0
"2525","2012-12-28 04:00:00",0
"2526","2012-12-28 14:00:00",0
"2527","2012-12-29 22:00:00",0
"2528","2012-12-30 03:00:00",0
"2529","2012-12-30 04:00:00",0
"2530","2012-12-30 06:00:00",0
"2531","2012-12-30 09:00:00",0
"2532","2012-12-31 03:00:00",0
"2533","2012-12-31 04:00:00",0
"2534","2012-12-31 11:00:00",0
"2535","2012-12-31 17:00:00",2
"2536","2012-12-31 22:00:00",1
